/*!40101 SET @OLD_CHARACTER_SET_CLIENT=@@CHARACTER_SET_CLIENT */;
/*!40101 SET NAMES utf8 */;
/*!50503 SET NAMES utf8mb4 */;
/*!40014 SET @OLD_FOREIGN_KEY_CHECKS=@@FOREIGN_KEY_CHECKS, FOREIGN_KEY_CHECKS=0 */;
/*!40101 SET @OLD_SQL_MODE=@@SQL_MODE, SQL_MODE='NO_AUTO_VALUE_ON_ZERO' */;

CREATE DATABASE IF NOT EXISTS `pos` /*!40100 DEFAULT CHARACTER SET latin1 */;
USE `pos`;

CREATE TABLE IF NOT EXISTS `admins` (
  `id` int(10) NOT NULL AUTO_INCREMENT,
  `created_by_id` int(10) DEFAULT NULL COMMENT 'admin id who created this admin',
  `firstname` varchar(100) DEFAULT NULL,
  `lastname` varchar(100) DEFAULT NULL,
  `email` varchar(255) NOT NULL,
  `password` varchar(100) NOT NULL,
  `is_super_admin` enum('Y','N') NOT NULL DEFAULT 'N' COMMENT 'Y=Super Admin, N=Sub Admin(Normal admin)',
  `created` datetime NOT NULL,
  `modified` timestamp NOT NULL DEFAULT CURRENT_TIMESTAMP ON UPDATE CURRENT_TIMESTAMP,
  `status` enum('A','I') NOT NULL COMMENT 'A-active, I-inactive',
  `mobile_no` varchar(20) DEFAULT NULL,
  `address` text,
  `restaurant_name` varchar(100) NOT NULL,
  `tax` int(10) NOT NULL,
  `no_of_tables` int(10) NOT NULL DEFAULT '0',
  `table_size` text COMMENT 'table per size',
  `table_order` text,
  `takeout_table_size` text,
  `waiting_table_size` text,
  `is_verified` enum('Y','N') NOT NULL COMMENT 'Y-yes, N-no',
  PRIMARY KEY (`id`),
  KEY `parent_id` (`created_by_id`)
) ENGINE=InnoDB AUTO_INCREMENT=6 DEFAULT CHARSET=latin1;

/*!40000 ALTER TABLE `admins` DISABLE KEYS */;
INSERT INTO `admins` (`id`, `created_by_id`, `firstname`, `lastname`, `email`, `password`, `is_super_admin`, `created`, `modified`, `status`, `mobile_no`, `address`, `restaurant_name`, `tax`, `no_of_tables`, `table_size`, `table_order`, `takeout_table_size`, `waiting_table_size`, `is_verified`) VALUES
	(1, 0, 'POS', 'Admin', 'admin', 'e10adc3949ba59abbe56e057f20f883e', 'Y', '0000-00-00 00:00:00', '2016-07-13 19:24:51', 'A', NULL, NULL, '', 0, 0, '0', NULL, NULL, NULL, 'Y'),
	(5, 1, 'restaurant', 'panel', 'restaurant@pos_v1.com', 'e10adc3949ba59abbe56e057f20f883e', 'N', '2016-06-30 08:31:12', '2016-10-07 10:20:15', 'A', '213131321', 'yahoo hsshshsh', 'HeyNoodle', 13, 10, '12,5,4,6,5,2,4,5,4,5', '["position: absolute; left: 83.0508%; top: 37.4238%;","position: absolute; left: 26.8942%; top: 76.4286%;","position: absolute; left: 0%; top: 0%;","position: absolute; left: 55.1224%; top: 76.4286%;","position: absolute; left: 29.9498%; top: 34.7143%;","position: absolute; left: 0%; top: 35.4238%;","position: absolute; left: 83.0508%; top: 0%;","position: absolute; left: 53.38719040247678%; top: 0%;","position: absolute; left: 83.0508%; top: 76.4286%;","position: absolute; left: 0%; top: 76.4286%;"]', '1,2,5,7,8,9,5,4,5,7', '8,5,6,8,2', 'Y');
/*!40000 ALTER TABLE `admins` ENABLE KEYS */;

CREATE TABLE IF NOT EXISTS `admin_privilages` (
  `id` int(10) NOT NULL AUTO_INCREMENT,
  `admin_id` int(10) NOT NULL DEFAULT '0',
  `module` varchar(100) NOT NULL COMMENT 'Name of section to apply rule',
  `can_view` enum('Y','N') NOT NULL DEFAULT 'N' COMMENT 'Y=Yes, N=No',
  `can_add` enum('Y','N') NOT NULL DEFAULT 'N' COMMENT 'Y=Yes, N=No',
  `can_edit` enum('Y','N') NOT NULL DEFAULT 'N' COMMENT 'Y=Yes, N=No',
  `can_delete` enum('Y','N') NOT NULL DEFAULT 'N' COMMENT 'Y=Yes, N=No',
  `status` enum('A','I') NOT NULL DEFAULT 'A' COMMENT 'A=Active, I=Inactive',
  `created` datetime NOT NULL,
  `modified` timestamp NOT NULL DEFAULT CURRENT_TIMESTAMP ON UPDATE CURRENT_TIMESTAMP,
  PRIMARY KEY (`id`),
  KEY `FK1` (`admin_id`),
  CONSTRAINT `FK1` FOREIGN KEY (`admin_id`) REFERENCES `admins` (`id`) ON DELETE CASCADE ON UPDATE CASCADE
) ENGINE=InnoDB DEFAULT CHARSET=latin1;

/*!40000 ALTER TABLE `admin_privilages` DISABLE KEYS */;
/*!40000 ALTER TABLE `admin_privilages` ENABLE KEYS */;

CREATE TABLE IF NOT EXISTS `cashiers` (
  `id` int(10) NOT NULL AUTO_INCREMENT,
  `restaurant_id` int(10) NOT NULL DEFAULT '0',
  `firstname` varchar(100) DEFAULT NULL,
  `lastname` varchar(100) DEFAULT NULL,
  `mobile_no` varchar(20) DEFAULT NULL,
  `email` varchar(255) NOT NULL,
  `password` varchar(100) NOT NULL,
  `image` varchar(100) DEFAULT NULL,
  `is_verified` enum('Y','N') NOT NULL COMMENT 'Y-yes, N-no',
  `status` enum('A','I') NOT NULL DEFAULT 'A' COMMENT 'A-active, I-inactive',
  `created` datetime NOT NULL,
  `modified` timestamp NOT NULL DEFAULT CURRENT_TIMESTAMP ON UPDATE CURRENT_TIMESTAMP,
  `printer_ip` varchar(50) DEFAULT NULL,
  `printer_device_id` varchar(50) DEFAULT NULL,
  PRIMARY KEY (`id`),
  KEY `FK_cashiers_admins` (`restaurant_id`),
  CONSTRAINT `FK_cashiers_admins` FOREIGN KEY (`restaurant_id`) REFERENCES `admins` (`id`) ON DELETE CASCADE ON UPDATE CASCADE
) ENGINE=InnoDB AUTO_INCREMENT=5 DEFAULT CHARSET=latin1 ROW_FORMAT=COMPACT;

/*!40000 ALTER TABLE `cashiers` DISABLE KEYS */;
INSERT INTO `cashiers` (`id`, `restaurant_id`, `firstname`, `lastname`, `mobile_no`, `email`, `password`, `image`, `is_verified`, `status`, `created`, `modified`, `printer_ip`, `printer_device_id`) VALUES
	(3, 5, 'bhawani', 'shankar', '7023311807', 'cashier@pos_v1.com', 'e10adc3949ba59abbe56e057f20f883e', '1467436684_Cashier.jpg', 'Y', 'A', '2016-06-30 08:49:53', '2016-07-04 18:39:58', NULL, NULL),
	(4, 5, 'a', 'a', '0000000000', 'xxx@hotmail.com', 'c33367701511b4f6020ec61ded352059', NULL, 'Y', 'A', '2016-07-13 11:36:35', '2016-09-20 06:52:07', '123.12.123.122', '223121213');
/*!40000 ALTER TABLE `cashiers` ENABLE KEYS */;

CREATE TABLE IF NOT EXISTS `categories` (
  `id` int(11) NOT NULL AUTO_INCREMENT,
  `status` char(1) NOT NULL DEFAULT 'A' COMMENT 'A=Active, I=Inactive',
  `created` int(11) NOT NULL,
  `modified` int(11) NOT NULL,
  `printer_ip` varchar(50) DEFAULT NULL,
  `printer_device_id` varchar(50) DEFAULT NULL,
  PRIMARY KEY (`id`)
) ENGINE=InnoDB AUTO_INCREMENT=11 DEFAULT CHARSET=latin1;

/*!40000 ALTER TABLE `categories` DISABLE KEYS */;
INSERT INTO `categories` (`id`, `status`, `created`, `modified`, `printer_ip`, `printer_device_id`) VALUES
	(5, 'A', 1467197749, 1467364041, NULL, NULL),
	(6, 'A', 1467364070, 1467364070, NULL, NULL),
	(7, 'A', 1467364088, 1467364088, NULL, NULL),
	(8, 'A', 1468423867, 1468423867, NULL, NULL),
	(9, 'A', 1468423954, 1468423954, NULL, NULL),
	(10, 'A', 1474368335, 1474368335, '112.11.2.123', '1231');
/*!40000 ALTER TABLE `categories` ENABLE KEYS */;

CREATE TABLE IF NOT EXISTS `category_locales` (
  `id` int(11) NOT NULL AUTO_INCREMENT,
  `category_id` int(11) NOT NULL DEFAULT '0',
  `name` varchar(255) CHARACTER SET utf8 COLLATE utf8_unicode_ci NOT NULL,
  `lang_code` char(2) NOT NULL DEFAULT 'en',
  `created` int(11) NOT NULL,
  `modified` int(11) NOT NULL,
  PRIMARY KEY (`id`)
) ENGINE=InnoDB AUTO_INCREMENT=17 DEFAULT CHARSET=latin1;

/*!40000 ALTER TABLE `category_locales` DISABLE KEYS */;
INSERT INTO `category_locales` (`id`, `category_id`, `name`, `lang_code`, `created`, `modified`) VALUES
	(5, 5, 'Noodles', 'en', 1467197749, 1467364042),
	(6, 5, 'é¢æ¡', 'zh', 1467197749, 1467364042),
	(7, 6, 'Snack', 'en', 1467364070, 1467364070),
	(8, 6, 'å°åƒ', 'zh', 1467364070, 1467364070),
	(9, 7, 'Drink', 'en', 1467364088, 1467364088),
	(10, 7, 'å–', 'zh', 1467364088, 1467364088),
	(11, 8, 'Dish', 'en', 1468423867, 1468423867),
	(12, 8, 'èœ', 'zh', 1468423867, 1468423867),
	(13, 9, 'Hot Pot', 'en', 1468423954, 1468423954),
	(14, 9, 'huoguo', 'zh', 1468423954, 1468423954),
	(15, 10, 'hi', 'en', 1474368335, 1474368335),
	(16, 10, 'shi', 'zh', 1474368335, 1474368335);
/*!40000 ALTER TABLE `category_locales` ENABLE KEYS */;

CREATE TABLE IF NOT EXISTS `cooks` (
  `id` int(10) NOT NULL AUTO_INCREMENT,
  `cashier_id` int(10) NOT NULL DEFAULT '0',
  `firstname` varchar(100) DEFAULT NULL,
  `lastname` varchar(100) DEFAULT NULL,
  `mobile_no` varchar(20) DEFAULT NULL,
  `email` varchar(255) NOT NULL,
  `password` varchar(100) NOT NULL,
  `is_verified` enum('Y','N') NOT NULL COMMENT 'Y-yes, N-no',
  `status` enum('A','I') NOT NULL DEFAULT 'A' COMMENT 'A-active, I-inactive',
  `created` datetime NOT NULL,
  `modified` timestamp NOT NULL DEFAULT CURRENT_TIMESTAMP ON UPDATE CURRENT_TIMESTAMP,
  PRIMARY KEY (`id`)
) ENGINE=InnoDB AUTO_INCREMENT=5 DEFAULT CHARSET=latin1 ROW_FORMAT=COMPACT;

/*!40000 ALTER TABLE `cooks` DISABLE KEYS */;
INSERT INTO `cooks` (`id`, `cashier_id`, `firstname`, `lastname`, `mobile_no`, `email`, `password`, `is_verified`, `status`, `created`, `modified`) VALUES
	(4, 3, 'Danial', 'pos_v1', '1245512454', 'cook@pos_v1.com', 'e10adc3949ba59abbe56e057f20f883e', 'Y', 'A', '2016-07-09 11:38:20', '2016-07-09 11:38:20');
/*!40000 ALTER TABLE `cooks` ENABLE KEYS */;

CREATE TABLE IF NOT EXISTS `cousines` (
  `id` int(11) NOT NULL AUTO_INCREMENT,
  `restaurant_id` int(11) NOT NULL DEFAULT '0',
  `casier_id` int(11) NOT NULL DEFAULT '0',
  `price` float NOT NULL DEFAULT '0',
  `category_id` int(11) NOT NULL DEFAULT '0',
  `image` varchar(100) DEFAULT '0',
  `status` char(1) NOT NULL DEFAULT 'A' COMMENT 'A=Active, I=Inactive',
  `created` int(11) NOT NULL,
  `popular` bigint(20) NOT NULL DEFAULT '0',
  `is_tax` enum('Y','N') NOT NULL DEFAULT 'N',
  `modified` int(11) NOT NULL,
  PRIMARY KEY (`id`)
) ENGINE=InnoDB AUTO_INCREMENT=40 DEFAULT CHARSET=latin1 ROW_FORMAT=COMPACT;

/*!40000 ALTER TABLE `cousines` DISABLE KEYS */;
INSERT INTO `cousines` (`id`, `restaurant_id`, `casier_id`, `price`, `category_id`, `image`, `status`, `created`, `popular`, `is_tax`, `modified`) VALUES
	(10, 5, 3, 5.77, 5, '1467777127_cousine.png', 'A', 1467364439, 21, 'Y', 1467789399),
	(11, 5, 3, 5, 5, '1467370839_cousine.jpg', 'A', 1467364487, 38, 'Y', 1468439835),
	(12, 5, 3, 7, 5, '1467370844_cousine.jpg', 'A', 1467364534, 17, 'N', 1467370844),
	(13, 5, 3, 2.76, 5, '1467370850_cousine.jpg', 'A', 1467364578, 8, 'N', 1467789389),
	(14, 5, 3, 3, 5, '1467370863_cousine.jpg', 'A', 1467364621, 8, 'N', 1467370863),
	(15, 5, 3, 5, 5, '1467370868_cousine.jpg', 'A', 1467364665, 33, 'N', 1467370868),
	(16, 5, 3, 6, 5, '1467370873_cousine.jpg', 'A', 1467364733, 13, 'N', 1467370873),
	(17, 5, 3, 2, 6, '1467452671_cousine.jpg', 'A', 1467452671, 24, 'N', 1467453150),
	(18, 5, 3, 1.5, 6, NULL, 'A', 1467452729, 14, 'N', 1467453136),
	(19, 5, 0, 4, 6, '1468422744_cousine.jpg', 'A', 1468422744, 4, 'Y', 1468422744),
	(20, 5, 0, -5, 8, NULL, 'A', 1468435866, 1, 'Y', 1468436093),
	(21, 5, 0, 9.8, 9, NULL, 'A', 1468436158, 0, 'N', 1468436816),
	(22, 5, 0, 99999, 9, NULL, 'A', 1468436565, 0, 'Y', 1468436788),
	(23, 5, 0, 99, 5, NULL, 'A', 1468436915, 0, 'N', 1468436915),
	(24, 5, 0, 10, 7, NULL, 'A', 1468436986, 1, 'Y', 1468436986),
	(25, 5, 0, 5, 9, NULL, 'A', 1468437080, 0, 'Y', 1468437080),
	(26, 5, 0, 10, 7, NULL, 'A', 1468438109, 0, 'Y', 1468438109),
	(27, 5, 0, 10, 9, NULL, 'A', 1468438246, 1, 'Y', 1468438246),
	(28, 5, 0, 15, 6, NULL, 'A', 1468438527, 1, 'N', 1468438527),
	(29, 5, 0, 36.77, 8, NULL, 'I', 1468438574, 0, 'Y', 1468438574),
	(30, 5, 0, 5, 5, NULL, 'A', 1468438651, 0, 'Y', 1468438651),
	(31, 5, 0, 67, 5, NULL, 'A', 1468438689, 0, 'N', 1468438689),
	(32, 5, 0, 15, 9, NULL, 'A', 1468440831, 0, 'Y', 1468440831),
	(33, 5, 0, 33, 7, NULL, 'A', 1468440901, 0, 'Y', 1468440901),
	(34, 5, 0, 25, 7, NULL, 'A', 1468443499, 0, 'Y', 1468443499),
	(35, 5, 0, 36, 6, NULL, 'A', 1468443537, 0, 'Y', 1468443537),
	(36, 5, 0, 40, 7, NULL, 'A', 1468443568, 0, 'Y', 1468443568),
	(37, 5, 0, 8, 5, NULL, 'A', 1468443619, 1, 'Y', 1468443619),
	(38, 5, 0, 5, 7, NULL, 'A', 1468443674, 1, 'Y', 1468443674),
	(39, 5, 0, 50, 9, NULL, 'A', 1468443709, 0, 'Y', 1468443709);
/*!40000 ALTER TABLE `cousines` ENABLE KEYS */;

CREATE TABLE IF NOT EXISTS `cousine_locals` (
  `id` int(11) NOT NULL AUTO_INCREMENT,
  `parent_id` int(11) NOT NULL DEFAULT '0',
  `name` varchar(255) CHARACTER SET utf8 COLLATE utf8_unicode_ci NOT NULL,
  `lang_code` char(2) NOT NULL DEFAULT 'en',
  `created` int(11) NOT NULL,
  `modified` int(11) NOT NULL,
  PRIMARY KEY (`id`)
) ENGINE=InnoDB AUTO_INCREMENT=75 DEFAULT CHARSET=latin1 ROW_FORMAT=COMPACT;

/*!40000 ALTER TABLE `cousine_locals` DISABLE KEYS */;
INSERT INTO `cousine_locals` (`id`, `parent_id`, `name`, `lang_code`, `created`, `modified`) VALUES
	(15, 10, 'Black noodles', 'en', 1467364439, 1467789399),
	(16, 10, 'é»‘é¢', 'zh', 1467364439, 1467789399),
	(17, 11, 'Cart noodle', 'en', 1467364487, 1468439835),
	(18, 11, 'è½¦ä»”é¢', 'zh', 1467364487, 1468439835),
	(19, 12, 'Couscous', 'en', 1467364534, 1467370844),
	(20, 12, 'åº“æ–¯åº“æ–¯', 'zh', 1467364534, 1467370844),
	(21, 13, 'Cup Noodles', 'en', 1467364578, 1467789389),
	(22, 13, 'æ¯é¢', 'zh', 1467364578, 1467789389),
	(23, 14, 'Fideo', 'en', 1467364621, 1467370863),
	(24, 14, 'Fideo', 'zh', 1467364621, 1467370863),
	(25, 15, 'Fried noodles', 'en', 1467364665, 1467370868),
	(26, 15, 'ç‚’é¢', 'zh', 1467364665, 1467370868),
	(27, 16, 'Frozen noodles', 'en', 1467364733, 1467370873),
	(28, 16, 'å†·å†»é¢æ¡', 'zh', 1467364733, 1467370873),
	(29, 17, 'Samosa', 'en', 1467452671, 1467453150),
	(30, 17, 'å’–å–±è§’', 'zh', 1467452671, 1467453150),
	(31, 18, 'Veg Momos', 'en', 1467452729, 1467453136),
	(32, 18, 'è”¬èœèŽ«èŽ«', 'zh', 1467452729, 1467453136),
	(33, 19, 'Rice', 'en', 1468422744, 1468422744),
	(34, 19, 'é¥­', 'zh', 1468422744, 1468422744),
	(35, 20, 'dish1', 'en', 1468435866, 1468436093),
	(36, 20, 'èœ1', 'zh', 1468435866, 1468436093),
	(37, 21, 'dish2', 'en', 1468436158, 1468436816),
	(38, 21, 'èœ2', 'zh', 1468436158, 1468436816),
	(39, 22, 'dish3', 'en', 1468436565, 1468436788),
	(40, 22, 'cai3', 'zh', 1468436565, 1468436788),
	(41, 23, 'd4', 'en', 1468436915, 1468436915),
	(42, 23, 'èœ4', 'zh', 1468436915, 1468436915),
	(43, 24, 'D5', 'en', 1468436986, 1468436986),
	(44, 24, 'èœ5', 'zh', 1468436986, 1468436986),
	(45, 25, 'D6', 'en', 1468437080, 1468437080),
	(46, 25, 'èœ6', 'zh', 1468437080, 1468437080),
	(47, 26, 'D7', 'en', 1468438109, 1468438109),
	(48, 26, 'èœ7', 'zh', 1468438109, 1468438109),
	(49, 27, 'D8', 'en', 1468438246, 1468438246),
	(50, 27, 'èœ8', 'zh', 1468438246, 1468438246),
	(51, 28, 'D9', 'en', 1468438527, 1468438527),
	(52, 28, 'èœ9', 'zh', 1468438527, 1468438527),
	(53, 29, 'D10', 'en', 1468438574, 1468438574),
	(54, 29, 'èœ10', 'zh', 1468438574, 1468438574),
	(55, 30, 'D11', 'en', 1468438651, 1468438651),
	(56, 30, 'èœ11', 'zh', 1468438651, 1468438651),
	(57, 31, 'D12', 'en', 1468438689, 1468438689),
	(58, 31, 'èœ12', 'zh', 1468438689, 1468438689),
	(59, 32, 'd13', 'en', 1468440831, 1468440831),
	(60, 32, 'cai13', 'zh', 1468440831, 1468440831),
	(61, 33, '99', 'en', 1468440901, 1468440901),
	(62, 33, 'abc', 'zh', 1468440901, 1468440901),
	(63, 34, 'D14', 'en', 1468443499, 1468443499),
	(64, 34, ' èœ14', 'zh', 1468443499, 1468443499),
	(65, 35, 'D15', 'en', 1468443537, 1468443537),
	(66, 35, 'èœ15', 'zh', 1468443537, 1468443537),
	(67, 36, 'D16', 'en', 1468443568, 1468443568),
	(68, 36, 'èœ16', 'zh', 1468443568, 1468443568),
	(69, 37, 'D17', 'en', 1468443619, 1468443619),
	(70, 37, 'èœ17', 'zh', 1468443619, 1468443619),
	(71, 38, '18', 'en', 1468443674, 1468443674),
	(72, 38, 'èœ18', 'zh', 1468443674, 1468443674),
	(73, 39, 'D19', 'en', 1468443709, 1468443709),
	(74, 39, 'èœ19', 'zh', 1468443709, 1468443709);
/*!40000 ALTER TABLE `cousine_locals` ENABLE KEYS */;

CREATE TABLE IF NOT EXISTS `extras` (
  `id` int(10) unsigned NOT NULL AUTO_INCREMENT,
  `cousine_id` int(11) NOT NULL,
  `name` varchar(100) DEFAULT NULL,
  `name_zh` varchar(100) DEFAULT NULL,
  `price` float DEFAULT NULL,
  `status` enum('A','I') DEFAULT 'A',
  `created` datetime DEFAULT NULL,
  PRIMARY KEY (`id`),
  KEY `FK_extras_cousines` (`cousine_id`),
  CONSTRAINT `FK_extras_cousines` FOREIGN KEY (`cousine_id`) REFERENCES `cousines` (`id`) ON DELETE CASCADE ON UPDATE CASCADE
) ENGINE=InnoDB AUTO_INCREMENT=28 DEFAULT CHARSET=utf8;

/*!40000 ALTER TABLE `extras` DISABLE KEYS */;
INSERT INTO `extras` (`id`, `cousine_id`, `name`, `name_zh`, `price`, `status`, `created`) VALUES
	(16, 10, 'Extra1', NULL, 1, 'A', '2016-07-01 11:21:31'),
	(17, 10, 'Extra2', NULL, 2, 'A', '2016-07-01 11:21:42'),
	(18, 10, 'Extra 5', 'é¥­', 1, 'A', '2016-07-01 11:21:56'),
	(19, 10, 'Extra 4', NULL, 0, 'A', '2016-07-01 11:22:11'),
	(20, 11, 'Mild', NULL, 0, 'A', '2016-07-01 11:22:48'),
	(21, 11, 'Extra Spicy ', NULL, 0.99, 'A', '2016-07-01 11:23:07'),
	(22, 11, 'Non-Garlic ', NULL, 0.5, 'A', '2016-07-01 11:23:22'),
	(23, 11, 'Duck Blood', NULL, 1, 'A', '2016-07-01 11:23:35'),
	(24, 11, 'Toufu _duck', NULL, 0.7, 'A', '2016-07-01 11:23:53'),
	(25, 11, 'Extra Soup', NULL, 0.9, 'A', '2016-07-01 11:24:07'),
	(26, 19, 'fan with egg', 'è›‹ç‚’é¥­', 6, 'A', '2016-07-13 11:22:12'),
	(27, 19, 'mixed rice', 'æ‰¬å·žç‚’é¥­', 10, 'A', '2016-07-13 11:23:14');
/*!40000 ALTER TABLE `extras` ENABLE KEYS */;

CREATE TABLE IF NOT EXISTS `global_settings` (
  `id` int(11) NOT NULL AUTO_INCREMENT,
  `delivery_charge` float NOT NULL,
  `from_email` varchar(255) NOT NULL COMMENT 'email id to show in send from email',
  `to_email` varchar(255) NOT NULL COMMENT 'email id to send to the admin',
  `created` timestamp NULL DEFAULT CURRENT_TIMESTAMP,
  `modified` timestamp NULL DEFAULT '0000-00-00 00:00:00',
  PRIMARY KEY (`id`)
) ENGINE=InnoDB AUTO_INCREMENT=2 DEFAULT CHARSET=latin1;

/*!40000 ALTER TABLE `global_settings` DISABLE KEYS */;
INSERT INTO `global_settings` (`id`, `delivery_charge`, `from_email`, `to_email`, `created`, `modified`) VALUES
	(1, 0, 'narendra.prajapat@brsoftech.org', 'narendra.prajapat@brsoftech.org', '2016-05-02 11:08:57', '0000-00-00 00:00:00');
/*!40000 ALTER TABLE `global_settings` ENABLE KEYS */;

CREATE TABLE IF NOT EXISTS `languages` (
  `id` int(11) NOT NULL AUTO_INCREMENT,
  `language` varchar(100) NOT NULL,
  `lang_code` char(2) NOT NULL,
  `status` char(1) NOT NULL DEFAULT 'A' COMMENT 'A=Active, I=Inactive',
  PRIMARY KEY (`id`),
  UNIQUE KEY `lang_code` (`lang_code`)
) ENGINE=InnoDB AUTO_INCREMENT=3 DEFAULT CHARSET=latin1;

/*!40000 ALTER TABLE `languages` DISABLE KEYS */;
INSERT INTO `languages` (`id`, `language`, `lang_code`, `status`) VALUES
	(1, 'English', 'en', 'A'),
	(2, 'Chinese', 'zh', 'A');
/*!40000 ALTER TABLE `languages` ENABLE KEYS */;

CREATE TABLE IF NOT EXISTS `orders` (
  `id` int(10) NOT NULL AUTO_INCREMENT,
  `order_no` varchar(10) NOT NULL DEFAULT '0',
  `reorder_no` varchar(10) DEFAULT '0',
  `hide_no` bigint(20) DEFAULT '0',
  `cashier_id` int(10) DEFAULT NULL COMMENT 'stand for restaurant_id',
  `counter_id` int(10) DEFAULT NULL COMMENT 'stand for cashier',
  `table_no` int(10) DEFAULT NULL,
  `table_status` enum('P','N','A','V') DEFAULT 'N' COMMENT 'P-paid, N-not paid, A-available, V-Void',
  `tax` float DEFAULT NULL,
  `tax_amount` float DEFAULT NULL,
  `subtotal` float DEFAULT NULL,
  `total` float DEFAULT NULL,
  `card_val` float DEFAULT NULL,
  `cash_val` float DEFAULT NULL,
  `tip` float DEFAULT NULL,
  `paid` float DEFAULT NULL,
  `change` float DEFAULT NULL,
  `message` text,
  `reason` text,
  `order_type` enum('D','T','W') DEFAULT NULL COMMENT 'D-Dinein, T-takeway, W-waiting',
  `is_kitchen` enum('Y','N') DEFAULT 'N',
  `cooking_status` enum('COOKED','UNCOOKED') DEFAULT 'UNCOOKED',
  `is_hide` enum('Y','N','P') DEFAULT 'P' COMMENT 'P-Pending',
  `created` datetime DEFAULT NULL,
  `is_completed` enum('Y','N') DEFAULT 'N',
  `paid_by` enum('CARD','CASH','MIXED') DEFAULT NULL,
  PRIMARY KEY (`id`)
) ENGINE=InnoDB AUTO_INCREMENT=97 DEFAULT CHARSET=latin1;

/*!40000 ALTER TABLE `orders` DISABLE KEYS */;
INSERT INTO `orders` (`id`, `order_no`, `reorder_no`, `hide_no`, `cashier_id`, `counter_id`, `table_no`, `table_status`, `tax`, `tax_amount`, `subtotal`, `total`, `card_val`, `cash_val`, `tip`, `paid`, `change`, `message`, `reason`, `order_type`, `is_kitchen`, `cooking_status`, `is_hide`, `created`, `is_completed`, `paid_by`) VALUES
	(21, '92921', '0', 0, 3, 3, 1, 'P', 12, 2.94, 24.5, 27.44, NULL, NULL, NULL, NULL, 22.56, NULL, NULL, 'D', 'N', 'UNCOOKED', 'N', '2016-07-04 09:28:56', 'Y', 'CASH'),
	(22, '90422', '0', 0, 3, 3, 1, 'P', 12, 3.18, 26.5, 29.68, NULL, NULL, NULL, NULL, 40.32, NULL, NULL, 'T', 'N', 'UNCOOKED', 'N', '2016-07-04 10:39:09', 'Y', 'CASH'),
	(23, '92923', '0', 0, 3, 3, 1, 'P', 12, 2.5788, 21.49, 24.0688, NULL, NULL, NULL, NULL, 25.9312, NULL, NULL, 'W', 'N', 'UNCOOKED', 'N', '2016-07-05 07:56:06', 'Y', 'CARD'),
	(24, '94124', '0', 0, 3, 3, 2, 'P', 12, 0.6, 5, 5.6, NULL, NULL, NULL, NULL, 94.4, NULL, NULL, 'D', 'N', 'UNCOOKED', 'N', '2016-07-05 08:00:03', 'Y', 'CASH'),
	(25, '95225', '0', 0, 3, 3, 3, 'P', 12, 2.5428, 21.19, 23.7328, NULL, NULL, NULL, NULL, 56.2672, NULL, NULL, 'D', 'N', 'UNCOOKED', 'N', '2016-07-05 09:25:01', 'Y', 'CARD'),
	(26, '94726', '0', 0, 3, 3, 2, 'P', 12, 1.38, 11.5, 12.88, NULL, NULL, NULL, 50, 37.12, NULL, NULL, 'T', 'N', 'UNCOOKED', 'N', '2016-07-05 11:20:13', 'Y', 'CASH'),
	(35, '97035', '0', 0, 3, 3, 10, 'P', 12, 0.6, 17.5, 18.1, NULL, NULL, NULL, 50, 31.9, NULL, NULL, 'D', 'N', 'UNCOOKED', 'N', '2016-07-05 12:59:20', 'Y', 'CASH'),
	(36, '87636', '0', 0, 3, 3, 3, 'P', 12, 0.6, 7, 7.6, NULL, NULL, NULL, 12, 4.4, NULL, NULL, 'D', 'N', 'UNCOOKED', 'N', '2016-07-05 13:45:42', 'Y', 'CARD'),
	(37, '91537', '0', 0, 3, 3, 2, 'P', 12, 0.6, 7, 7.6, NULL, NULL, NULL, 54.6, 47, NULL, NULL, 'D', 'Y', 'UNCOOKED', 'N', '2016-07-05 13:52:29', 'Y', 'CASH'),
	(38, '95738', '0', 0, 3, 3, 4, 'P', 12, 0.6, 12, 12.6, NULL, NULL, NULL, 58, 45.4, NULL, NULL, 'D', 'N', 'UNCOOKED', 'N', '2016-07-05 13:27:26', 'Y', 'CASH'),
	(39, '91939', '0', 0, 3, 3, 1, 'P', 12, 0.6, 27.99, 27.99, NULL, NULL, NULL, 50, 22.01, NULL, NULL, 'D', 'N', 'UNCOOKED', 'N', '2016-07-05 14:37:16', 'Y', 'CASH'),
	(40, '93040', '0', 0, 3, 3, 6, 'N', 12, 0, 39, 39, NULL, NULL, NULL, NULL, NULL, '', NULL, 'T', 'Y', 'UNCOOKED', 'N', '2016-07-05 14:39:33', 'N', NULL),
	(41, '92741', '0', 0, 3, 3, 8, 'P', 12, 1.2, 41.68, 42.88, NULL, NULL, NULL, 43.33, 0.45, NULL, NULL, 'D', 'Y', 'UNCOOKED', 'N', '2016-07-06 03:31:54', 'Y', 'CASH'),
	(42, '93942', '0', 0, 3, 3, 5, 'P', 12, 0.6, 15.99, 15.99, NULL, NULL, NULL, 78, 62.01, NULL, NULL, 'D', 'N', 'UNCOOKED', 'N', '2016-07-06 04:14:22', 'Y', 'CASH'),
	(43, '98643', '0', 0, 3, 3, 5, 'P', 12, 0.6, 12, 12.6, NULL, NULL, NULL, 50, 37.4, NULL, NULL, 'D', 'N', 'UNCOOKED', 'N', '2016-07-06 04:21:56', 'Y', 'CASH'),
	(44, '95444', '0', 0, 3, 3, 5, 'N', 12, 1.08, 53.02, 54.1, NULL, NULL, NULL, NULL, NULL, 'sample message', NULL, 'T', 'Y', 'UNCOOKED', 'N', '2016-07-06 05:31:37', 'N', NULL),
	(45, '93045', '0', 0, 3, 3, 9, 'N', 12, 2.1324, 55.78, 57.9124, NULL, NULL, NULL, NULL, NULL, 'wfgvbgvfgbb', NULL, 'T', 'Y', 'UNCOOKED', 'N', '2016-07-06 06:22:14', 'N', NULL),
	(46, '96846', '0', 21, 3, 3, 6, 'P', 12, 0, 27.76, 27.76, NULL, NULL, NULL, 30, 2.24, '', NULL, 'D', 'Y', 'UNCOOKED', 'Y', '2016-07-06 19:23:25', 'Y', 'CASH'),
	(47, '98547', '0', 20, 3, 3, 3, 'P', 12, 0, 31.45, 31.45, NULL, NULL, NULL, 45555, 45523.6, NULL, NULL, 'D', 'N', 'UNCOOKED', 'Y', '2016-07-06 20:19:45', 'Y', 'CASH'),
	(48, '96848', '0', 19, 3, 3, 7, 'N', 12, 0, 15.26, 15.26, NULL, NULL, NULL, NULL, NULL, NULL, NULL, 'T', 'N', 'UNCOOKED', 'Y', '2016-07-06 20:41:26', 'N', NULL),
	(49, '97249', '0', 18, 3, 3, 7, 'P', 12, 0, 17, 17, NULL, NULL, NULL, 170, 153, NULL, NULL, 'D', 'Y', 'UNCOOKED', 'Y', '2016-07-06 21:22:54', 'Y', 'CASH'),
	(50, '95350', '0', 17, 3, 3, 10, 'P', 12, 0, 14.5, 14.5, NULL, NULL, NULL, 120, 105.5, NULL, NULL, 'D', 'Y', 'UNCOOKED', 'Y', '2016-07-06 21:23:24', 'Y', 'CASH'),
	(51, '95351', '0', 16, 3, 3, 6, 'N', 12, 0, 15, 15, NULL, NULL, NULL, NULL, NULL, NULL, NULL, 'D', 'N', 'UNCOOKED', 'Y', '2016-07-06 21:25:47', 'N', NULL),
	(52, '96252', '0', 15, 3, 3, 3, 'P', 12, 0, 18.26, 18.26, NULL, NULL, NULL, 250.02, 231.76, '', NULL, 'D', 'Y', 'UNCOOKED', 'Y', '2016-07-08 17:31:36', 'Y', 'CASH'),
	(53, '96153', '0', 14, 3, 3, 2, 'P', 12, 0, 31, 31, NULL, NULL, NULL, 50, 19, '', NULL, 'D', 'Y', 'UNCOOKED', 'Y', '2016-07-08 18:42:23', 'Y', 'CASH'),
	(54, '91854', '0', 13, 3, 3, 4, 'N', 12, 0.48, 38.02, 38.5, NULL, NULL, NULL, NULL, NULL, '', NULL, 'T', 'Y', 'UNCOOKED', 'Y', '2016-07-08 18:43:02', 'N', NULL),
	(55, '89955', '0', 12, 3, 3, 9, 'P', 12, 0, 30.5, 30.5, NULL, NULL, NULL, 30.51, 0.01, '', NULL, 'D', 'Y', 'UNCOOKED', 'Y', '2016-07-08 18:43:25', 'Y', 'CASH'),
	(56, '89656', '0', 11, 3, 3, 5, 'P', 12, 0, 12, 12, NULL, NULL, NULL, 120, 108, '', NULL, 'D', 'Y', 'UNCOOKED', 'Y', '2016-07-08 18:43:34', 'Y', 'CASH'),
	(57, '90657', '0', 10, 3, 3, 1, 'P', 12, 0, 27.5, 27.5, NULL, NULL, NULL, 125.55, 98.05, '', NULL, 'D', 'Y', 'UNCOOKED', 'Y', '2016-07-08 21:48:33', 'Y', 'CASH'),
	(58, '96158', '0', 9, 3, 3, 8, 'P', 12, 0, 7, 7, NULL, NULL, NULL, 8, 1, '', NULL, 'T', 'Y', 'UNCOOKED', 'Y', '2016-07-08 22:05:39', 'N', 'CASH'),
	(59, '87659', '0', 8, 3, 3, 1, 'P', 12, 0, 5, 5, NULL, NULL, NULL, 5.01, 0.01, '', NULL, 'T', 'Y', 'UNCOOKED', 'Y', '2016-07-08 22:05:53', 'Y', 'CASH'),
	(60, '95760', '0', 7, 3, 3, 4, 'P', 12, 0, 39.5, 39.5, NULL, NULL, NULL, 39.51, 0.01, 'test444', NULL, 'D', 'Y', 'UNCOOKED', 'Y', '2016-07-08 22:21:35', 'Y', 'CARD'),
	(61, '91361', '0', 6, 3, 3, 3, 'P', 12, 0, 9, 9, NULL, NULL, NULL, 20, 11, '', NULL, 'D', 'Y', 'UNCOOKED', 'Y', '2016-07-08 22:24:17', 'Y', 'CASH'),
	(62, '90662', '0', 5, 3, 3, 2, 'N', 12, 0, 27.5, 27.5, NULL, NULL, NULL, NULL, NULL, '', NULL, 'T', 'Y', 'UNCOOKED', 'Y', '2016-07-08 22:32:21', 'N', NULL),
	(63, '97363', '0', 4, 3, 3, 3, 'P', 12, 0, 14.39, 14.39, NULL, NULL, NULL, 15, 0.61, '', NULL, 'D', 'Y', 'UNCOOKED', 'Y', '2016-07-08 22:36:18', 'Y', 'CASH'),
	(64, '89264', '0', 3, 3, 3, 10, 'N', 12, 0, 23, 23, NULL, NULL, NULL, NULL, NULL, NULL, NULL, 'D', 'N', 'UNCOOKED', 'Y', '2016-07-08 22:39:11', 'N', NULL),
	(65, '89465', '0', 2, 3, 3, 2, 'P', 12, 0, 7, 7, NULL, NULL, NULL, 70, 63, '', NULL, 'D', 'Y', 'UNCOOKED', 'Y', '2016-07-09 11:48:55', 'Y', 'CASH'),
	(66, '93366', '0', 1, 3, 3, 1, 'P', 12, 0, 15.5, 15.5, NULL, NULL, NULL, 16, 0.5, '', NULL, 'D', 'Y', 'UNCOOKED', 'Y', '2016-07-11 11:34:47', 'Y', 'CASH'),
	(67, '90367', '0', 27, 3, 3, 3, 'P', 12, 0, 25.52, 25.52, NULL, NULL, NULL, NULL, NULL, '', '', 'D', 'Y', 'UNCOOKED', 'Y', '2016-07-13 11:05:37', 'Y', 'CASH'),
	(68, '93068', '0', 26, 3, 3, 3, 'P', 12, 0.6924, 34.29, 34.9824, NULL, NULL, NULL, 34.99, 0.01, '', NULL, 'D', 'Y', 'UNCOOKED', 'Y', '2016-07-13 11:10:40', 'Y', 'CASH'),
	(69, '92069', '0', 25, 3, 3, 1, 'P', 12, 0, 19, 19, NULL, NULL, NULL, 19.01, 0.01, '', NULL, 'D', 'Y', 'UNCOOKED', 'Y', '2016-07-13 11:42:20', 'Y', 'CASH'),
	(71, '88371', '0', 23, 3, 3, 3, 'P', 12, 0, 15.5, 15.5, NULL, NULL, NULL, 15.51, 0.01, 'table 3 message testing', NULL, 'D', 'Y', 'UNCOOKED', 'Y', '2016-07-13 11:52:11', 'Y', 'CASH'),
	(72, '96472', '0', 22, 3, 3, 2, 'P', 12, 0.48, 16, 16.48, NULL, NULL, NULL, 58, 41.52, '', NULL, 'D', 'Y', 'UNCOOKED', 'Y', '2016-07-13 12:08:07', 'Y', 'CASH'),
	(73, '96073', '0', 0, 3, 3, 1, 'P', 12, 0.96, 62.52, 63.48, NULL, NULL, NULL, 64, 0.52, '', NULL, 'D', 'Y', 'UNCOOKED', 'P', '2016-07-13 12:19:01', 'Y', 'CASH'),
	(74, '89474', '0', 0, 3, 3, 4, 'P', 12, 0.48, 33.76, 34.24, NULL, NULL, NULL, 34.25, 0.01, '', NULL, 'W', 'Y', 'UNCOOKED', 'P', '2016-07-13 12:40:35', 'N', 'CARD'),
	(75, '94775', '0', 0, 3, 3, 2, 'N', 12, 0, 35.52, 35.52, NULL, NULL, NULL, NULL, NULL, 'Testing Overlap', NULL, 'W', 'Y', 'UNCOOKED', 'P', '2016-07-13 12:42:43', 'N', NULL),
	(76, '89376', '0', 0, 3, 3, 1, 'N', 12, 0.48, 29, 29.48, NULL, NULL, NULL, NULL, NULL, '', NULL, 'W', 'Y', 'UNCOOKED', 'P', '2016-07-13 13:40:24', 'N', NULL),
	(77, '90077', '0', 0, 3, 3, 5, 'N', 12, 0, 12, 12, NULL, NULL, NULL, NULL, NULL, '', NULL, 'W', 'Y', 'UNCOOKED', 'P', '2016-07-13 14:16:30', 'N', NULL),
	(78, '87778', '0', 0, 3, 3, 1, 'P', 12, 0, 15.52, 15.52, NULL, NULL, NULL, 16, 0.48, '', NULL, 'D', 'Y', 'UNCOOKED', 'P', '2016-07-13 14:19:48', 'Y', 'CASH'),
	(79, '89479', '0', 0, 3, 3, 3, 'N', 12, 0.48, 54.28, 54.76, NULL, NULL, NULL, NULL, NULL, '', NULL, 'T', 'N', 'UNCOOKED', 'P', '2016-07-13 15:02:41', 'N', NULL),
	(80, '92780', '0', 0, 3, 3, 1, 'N', 12, 12001, 100050, 112051, NULL, NULL, NULL, NULL, NULL, NULL, NULL, 'D', 'N', 'UNCOOKED', 'P', '2016-07-13 15:20:17', 'N', NULL),
	(81, '89581', '0', 0, 3, 3, 5, 'P', 12, -0.12, -1, -1.12, NULL, NULL, NULL, 0.01, 1.13, '', NULL, 'D', 'Y', 'UNCOOKED', 'P', '2016-07-13 15:57:46', 'N', 'CASH'),
	(82, '90082', '0', 0, 3, 3, 2, 'N', 12, 12012, 100133, 112145, NULL, NULL, NULL, NULL, NULL, 'Testing msg on each category', NULL, 'D', 'Y', 'UNCOOKED', 'P', '2016-07-13 16:39:39', 'N', NULL),
	(83, '93383', '0', 0, 3, 3, 10, 'N', 12, 11.8524, 118.53, 130.382, NULL, NULL, NULL, NULL, NULL, NULL, NULL, 'T', 'N', 'UNCOOKED', 'P', '2016-07-13 17:03:32', 'N', NULL),
	(84, '90184', '0', 0, 5, 3, 1, 'P', 12, 0.6, 10, 10.6, 10, 0.6, 1, 10.6, 0, 'test check', NULL, 'D', 'N', 'UNCOOKED', 'P', '2016-09-16 05:37:28', 'N', 'MIXED'),
	(85, '94585', '0', 0, 5, 3, 2, 'P', 12, 2.16, 33, 35.15, 35.15, NULL, NULL, 35.15, 0, '', NULL, 'D', 'Y', 'UNCOOKED', 'P', '2016-09-16 06:12:48', 'Y', 'CARD'),
	(86, '98686', '0', 0, 5, 3, 3, 'P', 12, 0, 11, 11, 11, NULL, 50, 11, 0, NULL, NULL, 'T', 'Y', 'UNCOOKED', 'P', '2016-09-16 08:14:20', 'N', 'CARD'),
	(87, '91887', '0', 0, 5, 3, 4, 'P', 12, 0.6, 10, 10.6, 10.6, NULL, NULL, 10.6, 0, 'assadsa', NULL, 'D', 'Y', 'UNCOOKED', 'P', '2016-09-16 08:14:51', 'N', 'CARD'),
	(88, '98488', '0', 0, 5, 3, 5, 'P', 12, 0, 1.5, 1.5, NULL, 1.5, NULL, 1.5, 0, '', NULL, 'D', 'Y', 'UNCOOKED', 'P', '2016-09-16 08:25:55', 'N', 'CASH'),
	(89, '93789', '0', 0, 5, 3, 6, 'P', 12, 0.6, 5, 5.6, 5.6, NULL, NULL, 5.6, 0, '', '', 'D', 'Y', 'UNCOOKED', 'P', '2016-09-16 08:27:14', 'N', 'CARD'),
	(90, '98690', '0', 0, 5, 3, 4, 'P', 12, 1.8, 20, 21.8, NULL, NULL, NULL, NULL, NULL, 'AAA', '', 'T', 'Y', 'COOKED', 'P', '2016-09-17 04:48:36', 'N', NULL),
	(91, '91391', '0', 0, 5, 3, 10, 'P', 12, 0.6, 12, 12.6, 10, 2.6, 10, 12.6, 0, '', NULL, 'D', 'Y', 'UNCOOKED', 'P', '2016-09-20 05:40:11', 'N', 'MIXED'),
	(92, '88592', '0', 0, 5, 3, 9, 'N', 12, 12.6, 109, 121.6, NULL, NULL, NULL, NULL, NULL, '', NULL, 'D', 'Y', 'UNCOOKED', 'P', '2016-09-20 05:42:12', 'N', NULL),
	(93, '92693', '0', 0, 5, NULL, 3, 'P', 12, 2.5848, 32.54, 35.1, 0.1, 35, 1, 35.1, 0, '', NULL, 'D', 'Y', 'UNCOOKED', 'P', '2016-09-20 05:45:17', 'N', 'MIXED'),
	(94, '95194', '0', 0, 5, 3, 2, 'N', 12, 1.56, 13, 14.55, NULL, NULL, NULL, NULL, NULL, '', NULL, 'D', 'N', 'UNCOOKED', 'P', '2016-10-06 09:03:32', 'N', NULL),
	(95, '88895', '0', 0, 5, 3, 8, 'P', 13, 0.65, 5, 5.65, NULL, 5.65, NULL, 5.65, 0, NULL, NULL, 'D', 'Y', 'UNCOOKED', 'P', '2016-10-06 09:10:47', 'N', 'CASH'),
	(96, '98296', '0', 0, 5, 3, 7, 'N', 13, 1.3, 19.8, 21.1, NULL, NULL, NULL, NULL, NULL, '', NULL, 'D', 'Y', 'UNCOOKED', 'P', '2016-10-06 09:37:44', 'N', NULL);
/*!40000 ALTER TABLE `orders` ENABLE KEYS */;

CREATE TABLE IF NOT EXISTS `order_items` (
  `id` int(10) NOT NULL AUTO_INCREMENT,
  `order_id` int(10) DEFAULT NULL,
  `item_id` int(11) DEFAULT NULL,
  `name_en` varchar(100) DEFAULT NULL,
  `name_xh` varchar(100) CHARACTER SET utf8 COLLATE utf8_bin DEFAULT NULL,
  `category_id` int(11) DEFAULT NULL,
  `price` float DEFAULT NULL COMMENT 'P-paid, N-not paid, A-available',
  `qty` int(10) NOT NULL DEFAULT '1',
  `tax` float NOT NULL DEFAULT '0',
  `tax_amount` float NOT NULL DEFAULT '0',
  `selected_extras` text,
  `all_extras` text,
  `extras_amount` float DEFAULT NULL,
  `is_done` enum('Y','N') NOT NULL DEFAULT 'N',
  `created` datetime DEFAULT NULL,
  PRIMARY KEY (`id`),
  KEY `FK_orders_items_orders` (`order_id`),
  CONSTRAINT `FK_orders_items_orders` FOREIGN KEY (`order_id`) REFERENCES `orders` (`id`) ON DELETE CASCADE ON UPDATE CASCADE
) ENGINE=InnoDB AUTO_INCREMENT=593 DEFAULT CHARSET=latin1 ROW_FORMAT=COMPACT;

/*!40000 ALTER TABLE `order_items` DISABLE KEYS */;
INSERT INTO `order_items` (`id`, `order_id`, `item_id`, `name_en`, `name_xh`, `category_id`, `price`, `qty`, `tax`, `tax_amount`, `selected_extras`, `all_extras`, `extras_amount`, `is_done`, `created`) VALUES
	(100, 21, 10, 'Black noodles', 'é»‘é¢', 5, 5, 1, 0, 0, '[{"id":"16","price":"1","name":"Extra1"},{"id":"17","price":"2","name":"Extra2"}]', '[{"id":"16","cousine_id":"10","name":"Extra1","price":"1","status":"A","created":"2016-07-01 11:21:31"},{"id":"17","cousine_id":"10","name":"Extra2","price":"2","status":"A","created":"2016-07-01 11:21:42"},{"id":"18","cousine_id":"10","name":"Extra 3","price":"1","status":"A","created":"2016-07-01 11:21:56"},{"id":"19","cousine_id":"10","name":"Extra 4","price":"0","status":"A","created":"2016-07-01 11:22:11"}]', 3, 'N', '2016-07-04 09:28:57'),
	(101, 21, 11, 'Cart noodle', 'è½¦ä»”é¢', 5, 2, 1, 0, 0, NULL, '[{"id":"20","cousine_id":"11","name":"Mild","price":"0","status":"A","created":"2016-07-01 11:22:48"},{"id":"21","cousine_id":"11","name":"Extra Spicy ","price":"0.99","status":"A","created":"2016-07-01 11:23:07"},{"id":"22","cousine_id":"11","name":"Non-Garlic ","price":"0.5","status":"A","created":"2016-07-01 11:23:22"},{"id":"23","cousine_id":"11","name":"Duck Blood","price":"1","status":"A","created":"2016-07-01 11:23:35"},{"id":"24","cousine_id":"11","name":"Toufu _duck","price":"0.7","status":"A","created":"2016-07-01 11:23:53"},{"id":"25","cousine_id":"11","name":"Extra Soup","price":"0.9","status":"A","created":"2016-07-01 11:24:07"}]', NULL, 'N', '2016-07-04 10:17:54'),
	(102, 21, 17, 'Samosa', 'å’–å–±è§’', 6, 2, 1, 0, 0, NULL, '', NULL, 'N', '2016-07-04 10:17:58'),
	(103, 21, 18, 'Veg Momos', 'è”¬èœèŽ«èŽ«', 6, 1.5, 1, 0, 0, NULL, '', NULL, 'N', '2016-07-04 10:18:00'),
	(104, 21, 15, 'Fried noodles', 'ç‚’é¢', 5, 5, 1, 0, 0, NULL, '', NULL, 'N', '2016-07-04 10:18:03'),
	(105, 21, 16, 'Frozen noodles', 'å†·å†»é¢æ¡', 5, 6, 1, 0, 0, NULL, '', NULL, 'N', '2016-07-04 10:18:05'),
	(106, 22, 10, 'Black noodles', 'é»‘é¢', 5, 5, 3, 0, 0, '[{"id":"16","price":"1","name":"Extra1"},{"id":"17","price":"2","name":"Extra2"},{"id":"18","price":"1","name":"Extra 3"}]', '[{"id":"16","cousine_id":"10","name":"Extra1","price":"1","status":"A","created":"2016-07-01 11:21:31"},{"id":"17","cousine_id":"10","name":"Extra2","price":"2","status":"A","created":"2016-07-01 11:21:42"},{"id":"18","cousine_id":"10","name":"Extra 3","price":"1","status":"A","created":"2016-07-01 11:21:56"},{"id":"19","cousine_id":"10","name":"Extra 4","price":"0","status":"A","created":"2016-07-01 11:22:11"}]', 4, 'N', '2016-07-04 10:52:07'),
	(112, 22, 11, 'Cart noodle', 'è½¦ä»”é¢', 5, 2, 2, 0, 0, NULL, '[{"id":"20","cousine_id":"11","name":"Mild","price":"0","status":"A","created":"2016-07-01 11:22:48"},{"id":"21","cousine_id":"11","name":"Extra Spicy ","price":"0.99","status":"A","created":"2016-07-01 11:23:07"},{"id":"22","cousine_id":"11","name":"Non-Garlic ","price":"0.5","status":"A","created":"2016-07-01 11:23:22"},{"id":"23","cousine_id":"11","name":"Duck Blood","price":"1","status":"A","created":"2016-07-01 11:23:35"},{"id":"24","cousine_id":"11","name":"Toufu _duck","price":"0.7","status":"A","created":"2016-07-01 11:23:53"},{"id":"25","cousine_id":"11","name":"Extra Soup","price":"0.9","status":"A","created":"2016-07-01 11:24:07"}]', NULL, 'N', '2016-07-04 10:52:08'),
	(114, 22, 18, 'Veg Momos', 'è”¬èœèŽ«èŽ«', 6, 1.5, 1, 0, 0, NULL, '', NULL, 'N', '2016-07-04 10:54:06'),
	(115, 22, 17, 'Samosa', 'å’–å–±è§’', 6, 2, 1, 0, 0, NULL, '', NULL, 'N', '2016-07-04 10:54:07'),
	(116, 23, 10, 'Black noodles', 'é»‘é¢', 5, 5, 2, 0, 0, NULL, '[{"id":"16","cousine_id":"10","name":"Extra1","price":"1","status":"A","created":"2016-07-01 11:21:31"},{"id":"17","cousine_id":"10","name":"Extra2","price":"2","status":"A","created":"2016-07-01 11:21:42"},{"id":"18","cousine_id":"10","name":"Extra 3","price":"1","status":"A","created":"2016-07-01 11:21:56"},{"id":"19","cousine_id":"10","name":"Extra 4","price":"0","status":"A","created":"2016-07-01 11:22:11"}]', NULL, 'N', '2016-07-05 07:56:09'),
	(117, 23, 11, 'Cart noodle', 'è½¦ä»”é¢', 5, 2, 1, 0, 0, '[{"id":"21","price":"0.99","name":"Extra Spicy "},{"id":"22","price":"0.5","name":"Non-Garlic "},{"id":"23","price":"1","name":"Duck Blood"}]', '[{"id":"20","cousine_id":"11","name":"Mild","price":"0","status":"A","created":"2016-07-01 11:22:48"},{"id":"21","cousine_id":"11","name":"Extra Spicy ","price":"0.99","status":"A","created":"2016-07-01 11:23:07"},{"id":"22","cousine_id":"11","name":"Non-Garlic ","price":"0.5","status":"A","created":"2016-07-01 11:23:22"},{"id":"23","cousine_id":"11","name":"Duck Blood","price":"1","status":"A","created":"2016-07-01 11:23:35"},{"id":"24","cousine_id":"11","name":"Toufu _duck","price":"0.7","status":"A","created":"2016-07-01 11:23:53"},{"id":"25","cousine_id":"11","name":"Extra Soup","price":"0.9","status":"A","created":"2016-07-01 11:24:07"}]', 2.49, 'N', '2016-07-05 07:56:11'),
	(118, 23, 12, 'Couscous', 'åº“æ–¯åº“æ–¯', 5, 7, 1, 0, 0, NULL, '', NULL, 'N', '2016-07-05 07:56:13'),
	(119, 24, 10, 'Black noodles', 'é»‘é¢', 5, 5, 1, 0, 0, NULL, '[{"id":"16","cousine_id":"10","name":"Extra1","price":"1","status":"A","created":"2016-07-01 11:21:31"},{"id":"17","cousine_id":"10","name":"Extra2","price":"2","status":"A","created":"2016-07-01 11:21:42"},{"id":"18","cousine_id":"10","name":"Extra 3","price":"1","status":"A","created":"2016-07-01 11:21:56"},{"id":"19","cousine_id":"10","name":"Extra 4","price":"0","status":"A","created":"2016-07-01 11:22:11"}]', NULL, 'N', '2016-07-05 08:00:04'),
	(120, 25, 10, 'Black noodles', 'é»‘é¢', 5, 5, 1, 0, 0, '[{"id":"16","price":"1","name":"Extra1"},{"id":"17","price":"2","name":"Extra2"}]', '[{"id":"16","cousine_id":"10","name":"Extra1","price":"1","status":"A","created":"2016-07-01 11:21:31"},{"id":"17","cousine_id":"10","name":"Extra2","price":"2","status":"A","created":"2016-07-01 11:21:42"},{"id":"18","cousine_id":"10","name":"Extra 3","price":"1","status":"A","created":"2016-07-01 11:21:56"},{"id":"19","cousine_id":"10","name":"Extra 4","price":"0","status":"A","created":"2016-07-01 11:22:11"}]', 3, 'N', '2016-07-05 09:25:01'),
	(121, 25, 10, 'Black noodles', 'é»‘é¢', 5, 5, 1, 0, 0, '[{"id":"18","price":"1","name":"Extra 3"},{"id":"19","price":"0","name":"Extra 4"}]', '[{"id":"16","cousine_id":"10","name":"Extra1","price":"1","status":"A","created":"2016-07-01 11:21:31"},{"id":"17","cousine_id":"10","name":"Extra2","price":"2","status":"A","created":"2016-07-01 11:21:42"},{"id":"18","cousine_id":"10","name":"Extra 3","price":"1","status":"A","created":"2016-07-01 11:21:56"},{"id":"19","cousine_id":"10","name":"Extra 4","price":"0","status":"A","created":"2016-07-01 11:22:11"}]', 1, 'N', '2016-07-05 09:26:31'),
	(122, 25, 11, 'Cart noodle', 'è½¦ä»”é¢', 5, 2, 1, 0, 0, '[{"id":"21","price":"0.99","name":"Extra Spicy "},{"id":"23","price":"1","name":"Duck Blood"},{"id":"24","price":"0.7","name":"Toufu _duck"}]', '[{"id":"20","cousine_id":"11","name":"Mild","price":"0","status":"A","created":"2016-07-01 11:22:48"},{"id":"21","cousine_id":"11","name":"Extra Spicy ","price":"0.99","status":"A","created":"2016-07-01 11:23:07"},{"id":"22","cousine_id":"11","name":"Non-Garlic ","price":"0.5","status":"A","created":"2016-07-01 11:23:22"},{"id":"23","cousine_id":"11","name":"Duck Blood","price":"1","status":"A","created":"2016-07-01 11:23:35"},{"id":"24","cousine_id":"11","name":"Toufu _duck","price":"0.7","status":"A","created":"2016-07-01 11:23:53"},{"id":"25","cousine_id":"11","name":"Extra Soup","price":"0.9","status":"A","created":"2016-07-01 11:24:07"}]', 2.69, 'N', '2016-07-05 09:27:48'),
	(123, 25, 11, 'Cart noodle', 'è½¦ä»”é¢', 5, 2, 1, 0, 0, '[{"id":"22","price":"0.5","name":"Non-Garlic "}]', '[{"id":"20","cousine_id":"11","name":"Mild","price":"0","status":"A","created":"2016-07-01 11:22:48"},{"id":"21","cousine_id":"11","name":"Extra Spicy ","price":"0.99","status":"A","created":"2016-07-01 11:23:07"},{"id":"22","cousine_id":"11","name":"Non-Garlic ","price":"0.5","status":"A","created":"2016-07-01 11:23:22"},{"id":"23","cousine_id":"11","name":"Duck Blood","price":"1","status":"A","created":"2016-07-01 11:23:35"},{"id":"24","cousine_id":"11","name":"Toufu _duck","price":"0.7","status":"A","created":"2016-07-01 11:23:53"},{"id":"25","cousine_id":"11","name":"Extra Soup","price":"0.9","status":"A","created":"2016-07-01 11:24:07"}]', 0.5, 'N', '2016-07-05 09:27:49'),
	(124, 26, 18, 'Veg Momos', 'è”¬èœèŽ«èŽ«', 6, 1.5, 1, 0, 0, NULL, '', NULL, 'N', '2016-07-05 11:20:13'),
	(125, 26, 10, 'Black noodles', 'é»‘é¢', 5, 5, 1, 0, 0, NULL, '[{"id":"16","cousine_id":"10","name":"Extra1","price":"1","status":"A","created":"2016-07-01 11:21:31"},{"id":"17","cousine_id":"10","name":"Extra2","price":"2","status":"A","created":"2016-07-01 11:21:42"},{"id":"18","cousine_id":"10","name":"Extra 3","price":"1","status":"A","created":"2016-07-01 11:21:56"},{"id":"19","cousine_id":"10","name":"Extra 4","price":"0","status":"A","created":"2016-07-01 11:22:11"}]', NULL, 'N', '2016-07-05 11:20:16'),
	(126, 26, 15, 'Fried noodles', 'ç‚’é¢', 5, 5, 1, 0, 0, NULL, '', NULL, 'N', '2016-07-05 11:20:22'),
	(145, 35, 11, 'Cart noodle', 'è½¦ä»”é¢', 5, 2, 1, 12, 0, NULL, '[{"id":"20","cousine_id":"11","name":"Mild","price":"0","status":"A","created":"2016-07-01 11:22:48"},{"id":"21","cousine_id":"11","name":"Extra Spicy ","price":"0.99","status":"A","created":"2016-07-01 11:23:07"},{"id":"22","cousine_id":"11","name":"Non-Garlic ","price":"0.5","status":"A","created":"2016-07-01 11:23:22"},{"id":"23","cousine_id":"11","name":"Duck Blood","price":"1","status":"A","created":"2016-07-01 11:23:35"},{"id":"24","cousine_id":"11","name":"Toufu _duck","price":"0.7","status":"A","created":"2016-07-01 11:23:53"},{"id":"25","cousine_id":"11","name":"Extra Soup","price":"0.9","status":"A","created":"2016-07-01 11:24:07"}]', NULL, 'N', '2016-07-05 12:59:54'),
	(146, 35, 17, 'Samosa', 'å’–å–±è§’', 6, 2, 1, 12, 0, NULL, '', NULL, 'N', '2016-07-05 12:59:55'),
	(147, 35, 18, 'Veg Momos', 'è”¬èœèŽ«èŽ«', 6, 1.5, 1, 12, 0, NULL, '', NULL, 'N', '2016-07-05 12:59:57'),
	(148, 35, 12, 'Couscous', 'åº“æ–¯åº“æ–¯', 5, 7, 1, 12, 0, NULL, '', NULL, 'N', '2016-07-05 12:59:58'),
	(149, 35, 10, 'Black noodles', 'é»‘é¢', 5, 5, 1, 12, 0.6, NULL, '[{"id":"16","cousine_id":"10","name":"Extra1","price":"1","status":"A","created":"2016-07-01 11:21:31"},{"id":"17","cousine_id":"10","name":"Extra2","price":"2","status":"A","created":"2016-07-01 11:21:42"},{"id":"18","cousine_id":"10","name":"Extra 3","price":"1","status":"A","created":"2016-07-01 11:21:56"},{"id":"19","cousine_id":"10","name":"Extra 4","price":"0","status":"A","created":"2016-07-01 11:22:11"}]', NULL, 'N', '2016-07-05 13:00:47'),
	(150, 36, 10, 'Black noodles', 'é»‘é¢', 5, 5, 1, 12, 0.6, NULL, '[{"id":"16","cousine_id":"10","name":"Extra1","price":"1","status":"A","created":"2016-07-01 11:21:31"},{"id":"17","cousine_id":"10","name":"Extra2","price":"2","status":"A","created":"2016-07-01 11:21:42"},{"id":"18","cousine_id":"10","name":"Extra 3","price":"1","status":"A","created":"2016-07-01 11:21:56"},{"id":"19","cousine_id":"10","name":"Extra 4","price":"0","status":"A","created":"2016-07-01 11:22:11"}]', NULL, 'N', '2016-07-05 13:45:42'),
	(151, 36, 11, 'Cart noodle', 'è½¦ä»”é¢', 5, 2, 1, 12, 0, NULL, '[{"id":"20","cousine_id":"11","name":"Mild","price":"0","status":"A","created":"2016-07-01 11:22:48"},{"id":"21","cousine_id":"11","name":"Extra Spicy ","price":"0.99","status":"A","created":"2016-07-01 11:23:07"},{"id":"22","cousine_id":"11","name":"Non-Garlic ","price":"0.5","status":"A","created":"2016-07-01 11:23:22"},{"id":"23","cousine_id":"11","name":"Duck Blood","price":"1","status":"A","created":"2016-07-01 11:23:35"},{"id":"24","cousine_id":"11","name":"Toufu _duck","price":"0.7","status":"A","created":"2016-07-01 11:23:53"},{"id":"25","cousine_id":"11","name":"Extra Soup","price":"0.9","status":"A","created":"2016-07-01 11:24:07"}]', NULL, 'N', '2016-07-05 13:45:44'),
	(152, 37, 10, 'Black noodles', 'é»‘é¢', 5, 5, 1, 12, 0.6, NULL, '[{"id":"16","cousine_id":"10","name":"Extra1","price":"1","status":"A","created":"2016-07-01 11:21:31"},{"id":"17","cousine_id":"10","name":"Extra2","price":"2","status":"A","created":"2016-07-01 11:21:42"},{"id":"18","cousine_id":"10","name":"Extra 3","price":"1","status":"A","created":"2016-07-01 11:21:56"},{"id":"19","cousine_id":"10","name":"Extra 4","price":"0","status":"A","created":"2016-07-01 11:22:11"}]', NULL, 'N', '2016-07-05 13:52:29'),
	(153, 37, 11, 'Cart noodle', 'è½¦ä»”é¢', 5, 2, 1, 12, 0, NULL, '[{"id":"20","cousine_id":"11","name":"Mild","price":"0","status":"A","created":"2016-07-01 11:22:48"},{"id":"21","cousine_id":"11","name":"Extra Spicy ","price":"0.99","status":"A","created":"2016-07-01 11:23:07"},{"id":"22","cousine_id":"11","name":"Non-Garlic ","price":"0.5","status":"A","created":"2016-07-01 11:23:22"},{"id":"23","cousine_id":"11","name":"Duck Blood","price":"1","status":"A","created":"2016-07-01 11:23:35"},{"id":"24","cousine_id":"11","name":"Toufu _duck","price":"0.7","status":"A","created":"2016-07-01 11:23:53"},{"id":"25","cousine_id":"11","name":"Extra Soup","price":"0.9","status":"A","created":"2016-07-01 11:24:07"}]', NULL, 'N', '2016-07-05 13:52:31'),
	(157, 39, 17, 'Samosa', 'å’–å–±è§’', 6, 2, 1, 12, 0, NULL, '', NULL, 'N', '2016-07-05 14:37:16'),
	(158, 39, 11, 'Cart noodle', 'è½¦ä»”é¢', 5, 2, 1, 12, 0, '[{"id":"21","price":"0.99","name":"Extra Spicy "}]', '[{"id":"20","cousine_id":"11","name":"Mild","price":"0","status":"A","created":"2016-07-01 11:22:48"},{"id":"21","cousine_id":"11","name":"Extra Spicy ","price":"0.99","status":"A","created":"2016-07-01 11:23:07"},{"id":"22","cousine_id":"11","name":"Non-Garlic ","price":"0.5","status":"A","created":"2016-07-01 11:23:22"},{"id":"23","cousine_id":"11","name":"Duck Blood","price":"1","status":"A","created":"2016-07-01 11:23:35"},{"id":"24","cousine_id":"11","name":"Toufu _duck","price":"0.7","status":"A","created":"2016-07-01 11:23:53"},{"id":"25","cousine_id":"11","name":"Extra Soup","price":"0.9","status":"A","created":"2016-07-01 11:24:07"}]', 0.99, 'N', '2016-07-05 14:37:16'),
	(159, 39, 10, 'Black noodles', 'é»‘é¢', 5, 5, 1, 12, 0.6, NULL, '[{"id":"16","cousine_id":"10","name":"Extra1","price":"1","status":"A","created":"2016-07-01 11:21:31"},{"id":"17","cousine_id":"10","name":"Extra2","price":"2","status":"A","created":"2016-07-01 11:21:42"},{"id":"18","cousine_id":"10","name":"Extra 3","price":"1","status":"A","created":"2016-07-01 11:21:56"},{"id":"19","cousine_id":"10","name":"Extra 4","price":"0","status":"A","created":"2016-07-01 11:22:11"}]', NULL, 'N', '2016-07-05 14:37:17'),
	(160, 39, 15, 'Fried noodles', 'ç‚’é¢', 5, 5, 1, 12, 0, NULL, '', NULL, 'N', '2016-07-05 14:37:17'),
	(161, 39, 12, 'Couscous', 'åº“æ–¯åº“æ–¯', 5, 7, 1, 12, 0, NULL, '', NULL, 'N', '2016-07-05 14:37:18'),
	(162, 39, 16, 'Frozen noodles', 'å†·å†»é¢æ¡', 5, 6, 1, 12, 0, NULL, '', NULL, 'N', '2016-07-05 14:37:19'),
	(163, 40, 12, 'Couscous', 'åº“æ–¯åº“æ–¯', 5, 7, 1, 12, 0, NULL, '', NULL, 'N', '2016-07-05 14:39:33'),
	(164, 40, 12, 'Couscous', 'åº“æ–¯åº“æ–¯', 5, 7, 1, 12, 0, NULL, '', NULL, 'Y', '2016-07-05 14:39:33'),
	(165, 40, 17, 'Samosa', 'å’–å–±è§’', 6, 2, 1, 12, 0, NULL, '', NULL, 'N', '2016-07-05 14:39:48'),
	(166, 40, 12, 'Couscous', 'åº“æ–¯åº“æ–¯', 5, 7, 1, 12, 0, NULL, '', NULL, 'Y', '2016-07-05 14:39:49'),
	(167, 40, 17, 'Samosa', 'å’–å–±è§’', 6, 2, 1, 12, 0, NULL, '', NULL, 'N', '2016-07-05 14:39:49'),
	(168, 40, 17, 'Samosa', 'å’–å–±è§’', 6, 2, 1, 12, 0, NULL, '', NULL, 'N', '2016-07-05 14:39:49'),
	(169, 40, 17, 'Samosa', 'å’–å–±è§’', 6, 2, 1, 12, 0, NULL, '', NULL, 'N', '2016-07-05 14:48:20'),
	(170, 40, 17, 'Samosa', 'å’–å–±è§’', 6, 2, 1, 12, 0, NULL, '', NULL, 'N', '2016-07-05 14:48:20'),
	(171, 40, 17, 'Samosa', 'å’–å–±è§’', 6, 2, 1, 12, 0, NULL, '', NULL, 'N', '2016-07-05 14:48:20'),
	(172, 40, 17, 'Samosa', 'å’–å–±è§’', 6, 2, 1, 12, 0, NULL, '', NULL, 'N', '2016-07-05 14:48:21'),
	(173, 40, 17, 'Samosa', 'å’–å–±è§’', 6, 2, 1, 12, 0, NULL, '', NULL, 'N', '2016-07-05 14:48:21'),
	(174, 40, 17, 'Samosa', 'å’–å–±è§’', 6, 2, 1, 12, 0, NULL, '', NULL, 'N', '2016-07-05 14:48:21'),
	(178, 41, 10, 'Black noodles', 'é»‘é¢', 5, 5, 1, 12, 0.6, NULL, '[{"id":"16","cousine_id":"10","name":"Extra1","price":"1","status":"A","created":"2016-07-01 11:21:31"},{"id":"17","cousine_id":"10","name":"Extra2","price":"2","status":"A","created":"2016-07-01 11:21:42"},{"id":"18","cousine_id":"10","name":"Extra 3","price":"1","status":"A","created":"2016-07-01 11:21:56"},{"id":"19","cousine_id":"10","name":"Extra 4","price":"0","status":"A","created":"2016-07-01 11:22:11"}]', NULL, 'N', '2016-07-06 03:31:54'),
	(179, 41, 11, 'Cart noodle', 'è½¦ä»”é¢', 5, 2, 1, 12, 0, '[{"id":"21","price":"0.99","name":"Extra Spicy "},{"id":"22","price":"0.5","name":"Non-Garlic "}]', '[{"id":"20","cousine_id":"11","name":"Mild","price":"0","status":"A","created":"2016-07-01 11:22:48"},{"id":"21","cousine_id":"11","name":"Extra Spicy ","price":"0.99","status":"A","created":"2016-07-01 11:23:07"},{"id":"22","cousine_id":"11","name":"Non-Garlic ","price":"0.5","status":"A","created":"2016-07-01 11:23:22"},{"id":"23","cousine_id":"11","name":"Duck Blood","price":"1","status":"A","created":"2016-07-01 11:23:35"},{"id":"24","cousine_id":"11","name":"Toufu _duck","price":"0.7","status":"A","created":"2016-07-01 11:23:53"},{"id":"25","cousine_id":"11","name":"Extra Soup","price":"0.9","status":"A","created":"2016-07-01 11:24:07"}]', 1.49, 'N', '2016-07-06 03:31:55'),
	(180, 41, 17, 'Samosa', 'å’–å–±è§’', 6, 2, 1, 12, 0, NULL, '', NULL, 'N', '2016-07-06 03:31:55'),
	(181, 41, 15, 'Fried noodles', 'ç‚’é¢', 5, 5, 1, 12, 0, NULL, '', NULL, 'N', '2016-07-06 03:31:56'),
	(182, 41, 12, 'Couscous', 'åº“æ–¯åº“æ–¯', 5, 7, 1, 12, 0, NULL, '', NULL, 'N', '2016-07-06 03:31:56'),
	(183, 41, 16, 'Frozen noodles', 'å†·å†»é¢æ¡', 5, 6, 1, 12, 0, NULL, '', NULL, 'N', '2016-07-06 03:35:49'),
	(184, 41, 11, 'Cart noodle', 'è½¦ä»”é¢', 5, 2, 1, 12, 0, '[{"id":"21","price":"0.99","name":"Extra Spicy "},{"id":"22","price":"0.5","name":"Non-Garlic "},{"id":"24","price":"0.7","name":"Toufu _duck"}]', '[{"id":"20","cousine_id":"11","name":"Mild","price":"0","status":"A","created":"2016-07-01 11:22:48"},{"id":"21","cousine_id":"11","name":"Extra Spicy ","price":"0.99","status":"A","created":"2016-07-01 11:23:07"},{"id":"22","cousine_id":"11","name":"Non-Garlic ","price":"0.5","status":"A","created":"2016-07-01 11:23:22"},{"id":"23","cousine_id":"11","name":"Duck Blood","price":"1","status":"A","created":"2016-07-01 11:23:35"},{"id":"24","cousine_id":"11","name":"Toufu _duck","price":"0.7","status":"A","created":"2016-07-01 11:23:53"},{"id":"25","cousine_id":"11","name":"Extra Soup","price":"0.9","status":"A","created":"2016-07-01 11:24:07"}]', 2.19, 'N', '2016-07-06 03:36:01'),
	(185, 41, 10, 'Black noodles', 'é»‘é¢', 5, 5, 1, 12, 0.6, NULL, '[{"id":"16","cousine_id":"10","name":"Extra1","price":"1","status":"A","created":"2016-07-01 11:21:31"},{"id":"17","cousine_id":"10","name":"Extra2","price":"2","status":"A","created":"2016-07-01 11:21:42"},{"id":"18","cousine_id":"10","name":"Extra 3","price":"1","status":"A","created":"2016-07-01 11:21:56"},{"id":"19","cousine_id":"10","name":"Extra 4","price":"0","status":"A","created":"2016-07-01 11:22:11"}]', NULL, 'N', '2016-07-06 03:48:58'),
	(186, 41, 11, 'Cart noodle', 'è½¦ä»”é¢', 5, 2, 1, 12, 0, NULL, '[{"id":"20","cousine_id":"11","name":"Mild","price":"0","status":"A","created":"2016-07-01 11:22:48"},{"id":"21","cousine_id":"11","name":"Extra Spicy ","price":"0.99","status":"A","created":"2016-07-01 11:23:07"},{"id":"22","cousine_id":"11","name":"Non-Garlic ","price":"0.5","status":"A","created":"2016-07-01 11:23:22"},{"id":"23","cousine_id":"11","name":"Duck Blood","price":"1","status":"A","created":"2016-07-01 11:23:35"},{"id":"24","cousine_id":"11","name":"Toufu _duck","price":"0.7","status":"A","created":"2016-07-01 11:23:53"},{"id":"25","cousine_id":"11","name":"Extra Soup","price":"0.9","status":"A","created":"2016-07-01 11:24:07"}]', NULL, 'N', '2016-07-06 04:10:54'),
	(187, 41, 11, 'Cart noodle', 'è½¦ä»”é¢', 5, 2, 1, 12, 0, NULL, '[{"id":"20","cousine_id":"11","name":"Mild","price":"0","status":"A","created":"2016-07-01 11:22:48"},{"id":"21","cousine_id":"11","name":"Extra Spicy ","price":"0.99","status":"A","created":"2016-07-01 11:23:07"},{"id":"22","cousine_id":"11","name":"Non-Garlic ","price":"0.5","status":"A","created":"2016-07-01 11:23:22"},{"id":"23","cousine_id":"11","name":"Duck Blood","price":"1","status":"A","created":"2016-07-01 11:23:35"},{"id":"24","cousine_id":"11","name":"Toufu _duck","price":"0.7","status":"A","created":"2016-07-01 11:23:53"},{"id":"25","cousine_id":"11","name":"Extra Soup","price":"0.9","status":"A","created":"2016-07-01 11:24:07"}]', NULL, 'N', '2016-07-06 04:11:01'),
	(188, 42, 10, 'Black noodles', 'é»‘é¢', 5, 5, 1, 12, 0.6, NULL, '[{"id":"16","cousine_id":"10","name":"Extra1","price":"1","status":"A","created":"2016-07-01 11:21:31"},{"id":"17","cousine_id":"10","name":"Extra2","price":"2","status":"A","created":"2016-07-01 11:21:42"},{"id":"18","cousine_id":"10","name":"Extra 3","price":"1","status":"A","created":"2016-07-01 11:21:56"},{"id":"19","cousine_id":"10","name":"Extra 4","price":"0","status":"A","created":"2016-07-01 11:22:11"}]', NULL, 'N', '2016-07-06 04:14:22'),
	(189, 42, 11, 'Cart noodle', 'è½¦ä»”é¢', 5, 2, 1, 12, 0, '[{"id":"21","price":"0.99","name":"Extra Spicy "},{"id":"23","price":"1","name":"Duck Blood"}]', '[{"id":"20","cousine_id":"11","name":"Mild","price":"0","status":"A","created":"2016-07-01 11:22:48"},{"id":"21","cousine_id":"11","name":"Extra Spicy ","price":"0.99","status":"A","created":"2016-07-01 11:23:07"},{"id":"22","cousine_id":"11","name":"Non-Garlic ","price":"0.5","status":"A","created":"2016-07-01 11:23:22"},{"id":"23","cousine_id":"11","name":"Duck Blood","price":"1","status":"A","created":"2016-07-01 11:23:35"},{"id":"24","cousine_id":"11","name":"Toufu _duck","price":"0.7","status":"A","created":"2016-07-01 11:23:53"},{"id":"25","cousine_id":"11","name":"Extra Soup","price":"0.9","status":"A","created":"2016-07-01 11:24:07"}]', 1.99, 'N', '2016-07-06 04:14:23'),
	(190, 42, 15, 'Fried noodles', 'ç‚’é¢', 5, 5, 1, 12, 0, NULL, '', NULL, 'N', '2016-07-06 04:14:23'),
	(191, 42, 17, 'Samosa', 'å’–å–±è§’', 6, 2, 1, 12, 0, NULL, '', NULL, 'N', '2016-07-06 04:14:23'),
	(192, 43, 10, 'Black noodles', 'é»‘é¢', 5, 5, 1, 12, 0.6, NULL, '[{"id":"16","cousine_id":"10","name":"Extra1","price":"1","status":"A","created":"2016-07-01 11:21:31"},{"id":"17","cousine_id":"10","name":"Extra2","price":"2","status":"A","created":"2016-07-01 11:21:42"},{"id":"18","cousine_id":"10","name":"Extra 3","price":"1","status":"A","created":"2016-07-01 11:21:56"},{"id":"19","cousine_id":"10","name":"Extra 4","price":"0","status":"A","created":"2016-07-01 11:22:11"}]', NULL, 'N', '2016-07-06 04:21:56'),
	(193, 43, 11, 'Cart noodle', 'è½¦ä»”é¢', 5, 2, 1, 12, 0, NULL, '[{"id":"20","cousine_id":"11","name":"Mild","price":"0","status":"A","created":"2016-07-01 11:22:48"},{"id":"21","cousine_id":"11","name":"Extra Spicy ","price":"0.99","status":"A","created":"2016-07-01 11:23:07"},{"id":"22","cousine_id":"11","name":"Non-Garlic ","price":"0.5","status":"A","created":"2016-07-01 11:23:22"},{"id":"23","cousine_id":"11","name":"Duck Blood","price":"1","status":"A","created":"2016-07-01 11:23:35"},{"id":"24","cousine_id":"11","name":"Toufu _duck","price":"0.7","status":"A","created":"2016-07-01 11:23:53"},{"id":"25","cousine_id":"11","name":"Extra Soup","price":"0.9","status":"A","created":"2016-07-01 11:24:07"}]', NULL, 'N', '2016-07-06 04:21:56'),
	(194, 43, 15, 'Fried noodles', 'ç‚’é¢', 5, 5, 1, 12, 0, NULL, '', NULL, 'N', '2016-07-06 04:21:57'),
	(198, 44, 10, 'Black noodles', 'é»‘é¢', 5, 5, 1, 12, 0.6, NULL, '[{"id":"16","cousine_id":"10","name":"Extra1","price":"1","status":"A","created":"2016-07-01 11:21:31"},{"id":"17","cousine_id":"10","name":"Extra2","price":"2","status":"A","created":"2016-07-01 11:21:42"},{"id":"18","cousine_id":"10","name":"Extra 3","price":"1","status":"A","created":"2016-07-01 11:21:56"},{"id":"19","cousine_id":"10","name":"Extra 4","price":"0","status":"A","created":"2016-07-01 11:22:11"}]', NULL, 'Y', '2016-07-06 05:31:37'),
	(199, 38, 17, 'Samosa', 'å’–å–±è§’', 6, 2, 1, 12, 0, NULL, '', NULL, 'N', '2016-07-06 05:37:05'),
	(200, 38, 15, 'Fried noodles', 'ç‚’é¢', 5, 5, 1, 12, 0, NULL, '', NULL, 'N', '2016-07-06 05:37:06'),
	(202, 38, 10, 'Black noodles', 'é»‘é¢', 5, 5, 1, 12, 0.6, NULL, '[{"id":"16","cousine_id":"10","name":"Extra1","price":"1","status":"A","created":"2016-07-01 11:21:31"},{"id":"17","cousine_id":"10","name":"Extra2","price":"2","status":"A","created":"2016-07-01 11:21:42"},{"id":"18","cousine_id":"10","name":"Extra 3","price":"1","status":"A","created":"2016-07-01 11:21:56"},{"id":"19","cousine_id":"10","name":"Extra 4","price":"0","status":"A","created":"2016-07-01 11:22:11"}]', NULL, 'N', '2016-07-06 05:37:16'),
	(203, 45, 17, 'Samosa', 'å’–å–±è§’', 6, 2, 1, 12, 0, NULL, '', NULL, 'N', '2016-07-06 06:22:14'),
	(204, 45, 18, 'Veg Momos', 'è”¬èœèŽ«èŽ«', 6, 1.5, 1, 12, 0, NULL, '', NULL, 'N', '2016-07-06 06:22:14'),
	(205, 45, 12, 'Couscous', 'åº“æ–¯åº“æ–¯', 5, 7, 1, 12, 0, NULL, '', NULL, 'N', '2016-07-06 06:22:15'),
	(206, 45, 11, 'Cart noodle', 'è½¦ä»”é¢', 5, 2, 1, 12, 0, '[{"id":"21","price":"0.99","name":"Extra Spicy "},{"id":"22","price":"0.5","name":"Non-Garlic "},{"id":"23","price":"1","name":"Duck Blood"}]', '[{"id":"20","cousine_id":"11","name":"Mild","price":"0","status":"A","created":"2016-07-01 11:22:48"},{"id":"21","cousine_id":"11","name":"Extra Spicy ","price":"0.99","status":"A","created":"2016-07-01 11:23:07"},{"id":"22","cousine_id":"11","name":"Non-Garlic ","price":"0.5","status":"A","created":"2016-07-01 11:23:22"},{"id":"23","cousine_id":"11","name":"Duck Blood","price":"1","status":"A","created":"2016-07-01 11:23:35"},{"id":"24","cousine_id":"11","name":"Toufu _duck","price":"0.7","status":"A","created":"2016-07-01 11:23:53"},{"id":"25","cousine_id":"11","name":"Extra Soup","price":"0.9","status":"A","created":"2016-07-01 11:24:07"}]', 2.49, 'N', '2016-07-06 06:43:21'),
	(212, 45, 10, 'Black noodles', 'é»‘é¢', 5, 5.77, 1, 12, 0.6924, NULL, '[{"id":"16","cousine_id":"10","name":"Extra1","price":"1","status":"A","created":"2016-07-01 11:21:31"},{"id":"17","cousine_id":"10","name":"Extra2","price":"2","status":"A","created":"2016-07-01 11:21:42"},{"id":"18","cousine_id":"10","name":"Extra 3","price":"1","status":"A","created":"2016-07-01 11:21:56"},{"id":"19","cousine_id":"10","name":"Extra 4","price":"0","status":"A","created":"2016-07-01 11:22:11"}]', NULL, 'N', '2016-07-06 07:16:51'),
	(213, 46, 11, 'Cart noodle', 'è½¦ä»”é¢', 5, 2, 1, 12, 0, NULL, '[{"id":"20","cousine_id":"11","name":"Mild","price":"0","status":"A","created":"2016-07-01 11:22:48"},{"id":"21","cousine_id":"11","name":"Extra Spicy ","price":"0.99","status":"A","created":"2016-07-01 11:23:07"},{"id":"22","cousine_id":"11","name":"Non-Garlic ","price":"0.5","status":"A","created":"2016-07-01 11:23:22"},{"id":"23","cousine_id":"11","name":"Duck Blood","price":"1","status":"A","created":"2016-07-01 11:23:35"},{"id":"24","cousine_id":"11","name":"Toufu _duck","price":"0.7","status":"A","created":"2016-07-01 11:23:53"},{"id":"25","cousine_id":"11","name":"Extra Soup","price":"0.9","status":"A","created":"2016-07-01 11:24:07"}]', NULL, 'Y', '2016-07-06 19:23:25'),
	(214, 46, 15, 'Fried noodles', 'ç‚’é¢', 5, 5, 1, 12, 0, NULL, '', NULL, 'Y', '2016-07-06 19:23:25'),
	(215, 46, 12, 'Couscous', 'åº“æ–¯åº“æ–¯', 5, 7, 1, 12, 0, NULL, '', NULL, 'Y', '2016-07-06 19:23:26'),
	(216, 46, 16, 'Frozen noodles', 'å†·å†»é¢æ¡', 5, 6, 1, 12, 0, NULL, '', NULL, 'Y', '2016-07-06 19:23:26'),
	(217, 46, 17, 'Samosa', 'å’–å–±è§’', 6, 2, 1, 12, 0, NULL, '', NULL, 'N', '2016-07-06 19:23:26'),
	(218, 46, 13, 'Cup Noodles', 'æ¯é¢', 5, 2.76, 1, 12, 0, NULL, '', NULL, 'Y', '2016-07-06 19:23:27'),
	(219, 46, 14, 'Fideo', 'Fideo', 5, 3, 1, 12, 0, NULL, '', NULL, 'Y', '2016-07-06 19:23:27'),
	(220, 47, 11, 'Cart noodle', 'è½¦ä»”é¢', 5, 2, 1, 12, 0, '[{"id":"21","price":"0.99","name":"Extra Spicy "},{"id":"22","price":"0.5","name":"Non-Garlic "},{"id":"24","price":"0.7","name":"Toufu _duck"}]', '[{"id":"20","cousine_id":"11","name":"Mild","price":"0","status":"A","created":"2016-07-01 11:22:48"},{"id":"21","cousine_id":"11","name":"Extra Spicy ","price":"0.99","status":"A","created":"2016-07-01 11:23:07"},{"id":"22","cousine_id":"11","name":"Non-Garlic ","price":"0.5","status":"A","created":"2016-07-01 11:23:22"},{"id":"23","cousine_id":"11","name":"Duck Blood","price":"1","status":"A","created":"2016-07-01 11:23:35"},{"id":"24","cousine_id":"11","name":"Toufu _duck","price":"0.7","status":"A","created":"2016-07-01 11:23:53"},{"id":"25","cousine_id":"11","name":"Extra Soup","price":"0.9","status":"A","created":"2016-07-01 11:24:07"}]', 2.19, 'N', '2016-07-06 20:19:45'),
	(221, 47, 15, 'Fried noodles', 'ç‚’é¢', 5, 5, 1, 12, 0, NULL, '', NULL, 'N', '2016-07-06 20:19:45'),
	(222, 47, 17, 'Samosa', 'å’–å–±è§’', 6, 2, 1, 12, 0, NULL, '', NULL, 'N', '2016-07-06 20:19:46'),
	(223, 47, 16, 'Frozen noodles', 'å†·å†»é¢æ¡', 5, 6, 1, 12, 0, NULL, '', NULL, 'N', '2016-07-06 20:19:46'),
	(224, 47, 12, 'Couscous', 'åº“æ–¯åº“æ–¯', 5, 7, 1, 12, 0, NULL, '', NULL, 'N', '2016-07-06 20:19:46'),
	(225, 47, 18, 'Veg Momos', 'è”¬èœèŽ«èŽ«', 6, 1.5, 1, 12, 0, NULL, '', NULL, 'N', '2016-07-06 20:19:47'),
	(226, 47, 13, 'Cup Noodles', 'æ¯é¢', 5, 2.76, 1, 12, 0, NULL, '', NULL, 'N', '2016-07-06 20:19:47'),
	(227, 47, 14, 'Fideo', 'Fideo', 5, 3, 1, 12, 0, NULL, '', NULL, 'N', '2016-07-06 20:19:48'),
	(228, 48, 11, 'Cart noodle', 'è½¦ä»”é¢', 5, 2, 1, 12, 0, NULL, '[{"id":"20","cousine_id":"11","name":"Mild","price":"0","status":"A","created":"2016-07-01 11:22:48"},{"id":"21","cousine_id":"11","name":"Extra Spicy ","price":"0.99","status":"A","created":"2016-07-01 11:23:07"},{"id":"22","cousine_id":"11","name":"Non-Garlic ","price":"0.5","status":"A","created":"2016-07-01 11:23:22"},{"id":"23","cousine_id":"11","name":"Duck Blood","price":"1","status":"A","created":"2016-07-01 11:23:35"},{"id":"24","cousine_id":"11","name":"Toufu _duck","price":"0.7","status":"A","created":"2016-07-01 11:23:53"},{"id":"25","cousine_id":"11","name":"Extra Soup","price":"0.9","status":"A","created":"2016-07-01 11:24:07"}]', NULL, 'N', '2016-07-06 20:41:26'),
	(229, 48, 18, 'Veg Momos', 'è”¬èœèŽ«èŽ«', 6, 1.5, 1, 12, 0, NULL, '', NULL, 'N', '2016-07-06 20:41:26'),
	(230, 48, 13, 'Cup Noodles', 'æ¯é¢', 5, 2.76, 1, 12, 0, NULL, '', NULL, 'N', '2016-07-06 20:41:27'),
	(231, 48, 14, 'Fideo', 'Fideo', 5, 3, 1, 12, 0, NULL, '', NULL, 'N', '2016-07-06 20:41:27'),
	(232, 48, 16, 'Frozen noodles', 'å†·å†»é¢æ¡', 5, 6, 1, 12, 0, NULL, '', NULL, 'N', '2016-07-06 20:41:27'),
	(233, 49, 11, 'Cart noodle', 'è½¦ä»”é¢', 5, 2, 1, 12, 0, NULL, '[{"id":"20","cousine_id":"11","name":"Mild","price":"0","status":"A","created":"2016-07-01 11:22:48"},{"id":"21","cousine_id":"11","name":"Extra Spicy ","price":"0.99","status":"A","created":"2016-07-01 11:23:07"},{"id":"22","cousine_id":"11","name":"Non-Garlic ","price":"0.5","status":"A","created":"2016-07-01 11:23:22"},{"id":"23","cousine_id":"11","name":"Duck Blood","price":"1","status":"A","created":"2016-07-01 11:23:35"},{"id":"24","cousine_id":"11","name":"Toufu _duck","price":"0.7","status":"A","created":"2016-07-01 11:23:53"},{"id":"25","cousine_id":"11","name":"Extra Soup","price":"0.9","status":"A","created":"2016-07-01 11:24:07"}]', NULL, 'N', '2016-07-06 21:22:54'),
	(234, 49, 12, 'Couscous', 'åº“æ–¯åº“æ–¯', 5, 7, 1, 12, 0, NULL, '', NULL, 'N', '2016-07-06 21:22:55'),
	(235, 49, 17, 'Samosa', 'å’–å–±è§’', 6, 2, 1, 12, 0, NULL, '', NULL, 'N', '2016-07-06 21:22:57'),
	(236, 49, 16, 'Frozen noodles', 'å†·å†»é¢æ¡', 5, 6, 1, 12, 0, NULL, '', NULL, 'N', '2016-07-06 21:22:57'),
	(237, 50, 15, 'Fried noodles', 'ç‚’é¢', 5, 5, 1, 12, 0, NULL, '', NULL, 'N', '2016-07-06 21:23:24'),
	(238, 50, 17, 'Samosa', 'å’–å–±è§’', 6, 2, 1, 12, 0, NULL, '', NULL, 'N', '2016-07-06 21:23:24'),
	(239, 50, 16, 'Frozen noodles', 'å†·å†»é¢æ¡', 5, 6, 1, 12, 0, NULL, '', NULL, 'N', '2016-07-06 21:23:25'),
	(240, 50, 18, 'Veg Momos', 'è”¬èœèŽ«èŽ«', 6, 1.5, 1, 12, 0, NULL, '', NULL, 'N', '2016-07-06 21:23:25'),
	(241, 51, 15, 'Fried noodles', 'ç‚’é¢', 5, 5, 1, 12, 0, NULL, '', NULL, 'N', '2016-07-06 21:25:47'),
	(242, 51, 15, 'Fried noodles', 'ç‚’é¢', 5, 5, 1, 12, 0, NULL, '', NULL, 'N', '2016-07-06 21:25:47'),
	(243, 51, 15, 'Fried noodles', 'ç‚’é¢', 5, 5, 1, 12, 0, NULL, '', NULL, 'N', '2016-07-06 21:25:47'),
	(244, 52, 11, 'Cart noodle', 'è½¦ä»”é¢', 5, 2, 1, 12, 0, NULL, '[{"id":"20","cousine_id":"11","name":"Mild","name_zh":null,"price":"0","status":"A","created":"2016-07-01 11:22:48"},{"id":"21","cousine_id":"11","name":"Extra Spicy ","name_zh":null,"price":"0.99","status":"A","created":"2016-07-01 11:23:07"},{"id":"22","cousine_id":"11","name":"Non-Garlic ","name_zh":null,"price":"0.5","status":"A","created":"2016-07-01 11:23:22"},{"id":"23","cousine_id":"11","name":"Duck Blood","name_zh":null,"price":"1","status":"A","created":"2016-07-01 11:23:35"},{"id":"24","cousine_id":"11","name":"Toufu _duck","name_zh":null,"price":"0.7","status":"A","created":"2016-07-01 11:23:53"},{"id":"25","cousine_id":"11","name":"Extra Soup","name_zh":null,"price":"0.9","status":"A","created":"2016-07-01 11:24:07"}]', NULL, 'N', '2016-07-08 17:31:36'),
	(245, 52, 15, 'Fried noodles', 'ç‚’é¢', 5, 5, 1, 12, 0, NULL, '', NULL, 'N', '2016-07-08 17:31:36'),
	(246, 52, 12, 'Couscous', 'åº“æ–¯åº“æ–¯', 5, 7, 1, 12, 0, NULL, '', NULL, 'N', '2016-07-08 17:31:37'),
	(247, 52, 18, 'Veg Momos', 'è”¬èœèŽ«èŽ«', 6, 1.5, 1, 12, 0, NULL, '', NULL, 'N', '2016-07-08 17:31:37'),
	(248, 52, 13, 'Cup Noodles', 'æ¯é¢', 5, 2.76, 1, 12, 0, NULL, '', NULL, 'N', '2016-07-08 17:31:38'),
	(254, 54, 11, 'Cart noodle', 'è½¦ä»”é¢', 5, 2, 1, 12, 0, NULL, '[{"id":"20","cousine_id":"11","name":"Mild","name_zh":null,"price":"0","status":"A","created":"2016-07-01 11:22:48"},{"id":"21","cousine_id":"11","name":"Extra Spicy ","name_zh":null,"price":"0.99","status":"A","created":"2016-07-01 11:23:07"},{"id":"22","cousine_id":"11","name":"Non-Garlic ","name_zh":null,"price":"0.5","status":"A","created":"2016-07-01 11:23:22"},{"id":"23","cousine_id":"11","name":"Duck Blood","name_zh":null,"price":"1","status":"A","created":"2016-07-01 11:23:35"},{"id":"24","cousine_id":"11","name":"Toufu _duck","name_zh":null,"price":"0.7","status":"A","created":"2016-07-01 11:23:53"},{"id":"25","cousine_id":"11","name":"Extra Soup","name_zh":null,"price":"0.9","status":"A","created":"2016-07-01 11:24:07"}]', NULL, 'N', '2016-07-08 18:43:02'),
	(255, 54, 15, 'Fried noodles', 'ç‚’é¢', 5, 5, 1, 12, 0, NULL, '', NULL, 'N', '2016-07-08 18:43:03'),
	(256, 54, 16, 'Frozen noodles', 'å†·å†»é¢æ¡', 5, 6, 1, 12, 0, NULL, '', NULL, 'N', '2016-07-08 18:43:03'),
	(257, 54, 12, 'Couscous', 'åº“æ–¯åº“æ–¯', 5, 7, 1, 12, 0, NULL, '', NULL, 'Y', '2016-07-08 18:43:03'),
	(258, 54, 18, 'Veg Momos', 'è”¬èœèŽ«èŽ«', 6, 1.5, 1, 12, 0, NULL, '', NULL, 'Y', '2016-07-08 18:43:04'),
	(259, 54, 13, 'Cup Noodles', 'æ¯é¢', 5, 2.76, 1, 12, 0, NULL, '', NULL, 'N', '2016-07-08 18:43:04'),
	(260, 55, 11, 'Cart noodle', 'è½¦ä»”é¢', 5, 2, 1, 12, 0, NULL, '[{"id":"20","cousine_id":"11","name":"Mild","name_zh":null,"price":"0","status":"A","created":"2016-07-01 11:22:48"},{"id":"21","cousine_id":"11","name":"Extra Spicy ","name_zh":null,"price":"0.99","status":"A","created":"2016-07-01 11:23:07"},{"id":"22","cousine_id":"11","name":"Non-Garlic ","name_zh":null,"price":"0.5","status":"A","created":"2016-07-01 11:23:22"},{"id":"23","cousine_id":"11","name":"Duck Blood","name_zh":null,"price":"1","status":"A","created":"2016-07-01 11:23:35"},{"id":"24","cousine_id":"11","name":"Toufu _duck","name_zh":null,"price":"0.7","status":"A","created":"2016-07-01 11:23:53"},{"id":"25","cousine_id":"11","name":"Extra Soup","name_zh":null,"price":"0.9","status":"A","created":"2016-07-01 11:24:07"}]', NULL, 'Y', '2016-07-08 18:43:25'),
	(261, 55, 18, 'Veg Momos', 'è”¬èœèŽ«èŽ«', 6, 1.5, 1, 12, 0, NULL, '', NULL, 'Y', '2016-07-08 18:43:25'),
	(262, 55, 12, 'Couscous', 'åº“æ–¯åº“æ–¯', 5, 7, 1, 12, 0, NULL, '', NULL, 'Y', '2016-07-08 18:43:26'),
	(263, 55, 15, 'Fried noodles', 'ç‚’é¢', 5, 5, 1, 12, 0, NULL, '', NULL, 'Y', '2016-07-08 18:43:26'),
	(264, 55, 12, 'Couscous', 'åº“æ–¯åº“æ–¯', 5, 7, 1, 12, 0, NULL, '', NULL, 'Y', '2016-07-08 18:43:27'),
	(265, 55, 16, 'Frozen noodles', 'å†·å†»é¢æ¡', 5, 6, 1, 12, 0, NULL, '', NULL, 'Y', '2016-07-08 18:43:28'),
	(266, 55, 17, 'Samosa', 'å’–å–±è§’', 6, 2, 1, 12, 0, NULL, '', NULL, 'N', '2016-07-08 18:43:28'),
	(272, 57, 11, 'Cart noodle', 'è½¦ä»”é¢', 5, 2, 1, 12, 0, NULL, '[{"id":"20","cousine_id":"11","name":"Mild","name_zh":null,"price":"0","status":"A","created":"2016-07-01 11:22:48"},{"id":"21","cousine_id":"11","name":"Extra Spicy ","name_zh":null,"price":"0.99","status":"A","created":"2016-07-01 11:23:07"},{"id":"22","cousine_id":"11","name":"Non-Garlic ","name_zh":null,"price":"0.5","status":"A","created":"2016-07-01 11:23:22"},{"id":"23","cousine_id":"11","name":"Duck Blood","name_zh":null,"price":"1","status":"A","created":"2016-07-01 11:23:35"},{"id":"24","cousine_id":"11","name":"Toufu _duck","name_zh":null,"price":"0.7","status":"A","created":"2016-07-01 11:23:53"},{"id":"25","cousine_id":"11","name":"Extra Soup","name_zh":null,"price":"0.9","status":"A","created":"2016-07-01 11:24:07"}]', NULL, 'N', '2016-07-08 21:48:33'),
	(273, 57, 12, 'Couscous', 'åº“æ–¯åº“æ–¯', 5, 7, 1, 12, 0, NULL, '', NULL, 'N', '2016-07-08 21:48:34'),
	(274, 57, 18, 'Veg Momos', 'è”¬èœèŽ«èŽ«', 6, 1.5, 1, 12, 0, NULL, '', NULL, 'N', '2016-07-08 21:48:35'),
	(275, 57, 12, 'Couscous', 'åº“æ–¯åº“æ–¯', 5, 7, 1, 12, 0, NULL, '', NULL, 'N', '2016-07-08 21:48:36'),
	(276, 57, 16, 'Frozen noodles', 'å†·å†»é¢æ¡', 5, 6, 1, 12, 0, NULL, '', NULL, 'N', '2016-07-08 21:48:50'),
	(277, 57, 17, 'Samosa', 'å’–å–±è§’', 6, 2, 1, 12, 0, NULL, '', NULL, 'Y', '2016-07-08 21:48:51'),
	(278, 57, 17, 'Samosa', 'å’–å–±è§’', 6, 2, 1, 12, 0, NULL, '', NULL, 'N', '2016-07-08 21:48:51'),
	(279, 58, 11, 'Cart noodle', 'è½¦ä»”é¢', 5, 2, 1, 12, 0, NULL, '[{"id":"20","cousine_id":"11","name":"Mild","name_zh":null,"price":"0","status":"A","created":"2016-07-01 11:22:48"},{"id":"21","cousine_id":"11","name":"Extra Spicy ","name_zh":null,"price":"0.99","status":"A","created":"2016-07-01 11:23:07"},{"id":"22","cousine_id":"11","name":"Non-Garlic ","name_zh":null,"price":"0.5","status":"A","created":"2016-07-01 11:23:22"},{"id":"23","cousine_id":"11","name":"Duck Blood","name_zh":null,"price":"1","status":"A","created":"2016-07-01 11:23:35"},{"id":"24","cousine_id":"11","name":"Toufu _duck","name_zh":null,"price":"0.7","status":"A","created":"2016-07-01 11:23:53"},{"id":"25","cousine_id":"11","name":"Extra Soup","name_zh":null,"price":"0.9","status":"A","created":"2016-07-01 11:24:07"}]', NULL, 'N', '2016-07-08 22:05:39'),
	(280, 58, 15, 'Fried noodles', 'ç‚’é¢', 5, 5, 1, 12, 0, NULL, '', NULL, 'N', '2016-07-08 22:05:39'),
	(281, 59, 11, 'Cart noodle', 'è½¦ä»”é¢', 5, 2, 1, 12, 0, NULL, '[{"id":"20","cousine_id":"11","name":"Mild","name_zh":null,"price":"0","status":"A","created":"2016-07-01 11:22:48"},{"id":"21","cousine_id":"11","name":"Extra Spicy ","name_zh":null,"price":"0.99","status":"A","created":"2016-07-01 11:23:07"},{"id":"22","cousine_id":"11","name":"Non-Garlic ","name_zh":null,"price":"0.5","status":"A","created":"2016-07-01 11:23:22"},{"id":"23","cousine_id":"11","name":"Duck Blood","name_zh":null,"price":"1","status":"A","created":"2016-07-01 11:23:35"},{"id":"24","cousine_id":"11","name":"Toufu _duck","name_zh":null,"price":"0.7","status":"A","created":"2016-07-01 11:23:53"},{"id":"25","cousine_id":"11","name":"Extra Soup","name_zh":null,"price":"0.9","status":"A","created":"2016-07-01 11:24:07"}]', NULL, 'Y', '2016-07-08 22:05:53'),
	(282, 45, 11, 'Cart noodle', 'è½¦ä»”é¢', 5, 2, 1, 12, 0, NULL, '[{"id":"20","cousine_id":"11","name":"Mild","name_zh":null,"price":"0","status":"A","created":"2016-07-01 11:22:48"},{"id":"21","cousine_id":"11","name":"Extra Spicy ","name_zh":null,"price":"0.99","status":"A","created":"2016-07-01 11:23:07"},{"id":"22","cousine_id":"11","name":"Non-Garlic ","name_zh":null,"price":"0.5","status":"A","created":"2016-07-01 11:23:22"},{"id":"23","cousine_id":"11","name":"Duck Blood","name_zh":null,"price":"1","status":"A","created":"2016-07-01 11:23:35"},{"id":"24","cousine_id":"11","name":"Toufu _duck","name_zh":null,"price":"0.7","status":"A","created":"2016-07-01 11:23:53"},{"id":"25","cousine_id":"11","name":"Extra Soup","name_zh":null,"price":"0.9","status":"A","created":"2016-07-01 11:24:07"}]', NULL, 'N', '2016-07-08 22:13:25'),
	(283, 45, 18, 'Veg Momos', 'è”¬èœèŽ«èŽ«', 6, 1.5, 1, 12, 0, NULL, '', NULL, 'N', '2016-07-08 22:13:26'),
	(284, 45, 12, 'Couscous', 'åº“æ–¯åº“æ–¯', 5, 7, 1, 12, 0, NULL, '', NULL, 'N', '2016-07-08 22:13:27'),
	(285, 45, 13, 'Cup Noodles', 'æ¯é¢', 5, 2.76, 1, 12, 0, NULL, '', NULL, 'N', '2016-07-08 22:13:27'),
	(286, 45, 13, 'Cup Noodles', 'æ¯é¢', 5, 2.76, 1, 12, 0, NULL, '', NULL, 'N', '2016-07-08 22:13:28'),
	(287, 45, 12, 'Couscous', 'åº“æ–¯åº“æ–¯', 5, 7, 1, 12, 0, NULL, '', NULL, 'N', '2016-07-08 22:13:28'),
	(288, 60, 11, 'Cart noodle', 'è½¦ä»”é¢', 5, 2, 1, 12, 0, NULL, '[{"id":"20","cousine_id":"11","name":"Mild","name_zh":null,"price":"0","status":"A","created":"2016-07-01 11:22:48"},{"id":"21","cousine_id":"11","name":"Extra Spicy ","name_zh":null,"price":"0.99","status":"A","created":"2016-07-01 11:23:07"},{"id":"22","cousine_id":"11","name":"Non-Garlic ","name_zh":null,"price":"0.5","status":"A","created":"2016-07-01 11:23:22"},{"id":"23","cousine_id":"11","name":"Duck Blood","name_zh":null,"price":"1","status":"A","created":"2016-07-01 11:23:35"},{"id":"24","cousine_id":"11","name":"Toufu _duck","name_zh":null,"price":"0.7","status":"A","created":"2016-07-01 11:23:53"},{"id":"25","cousine_id":"11","name":"Extra Soup","name_zh":null,"price":"0.9","status":"A","created":"2016-07-01 11:24:07"}]', NULL, 'Y', '2016-07-08 22:21:35'),
	(289, 60, 15, 'Fried noodles', 'ç‚’é¢', 5, 5, 1, 12, 0, NULL, '', NULL, 'Y', '2016-07-08 22:21:36'),
	(290, 60, 17, 'Samosa', 'å’–å–±è§’', 6, 2, 1, 12, 0, NULL, '', NULL, 'N', '2016-07-08 22:21:36'),
	(291, 60, 16, 'Frozen noodles', 'å†·å†»é¢æ¡', 5, 6, 1, 12, 0, NULL, '', NULL, 'Y', '2016-07-08 22:21:37'),
	(292, 60, 17, 'Samosa', 'å’–å–±è§’', 6, 2, 1, 12, 0, NULL, '', NULL, 'Y', '2016-07-08 22:21:38'),
	(293, 61, 11, 'Cart noodle', 'è½¦ä»”é¢', 5, 2, 1, 12, 0, NULL, '[{"id":"20","cousine_id":"11","name":"Mild","name_zh":null,"price":"0","status":"A","created":"2016-07-01 11:22:48"},{"id":"21","cousine_id":"11","name":"Extra Spicy ","name_zh":null,"price":"0.99","status":"A","created":"2016-07-01 11:23:07"},{"id":"22","cousine_id":"11","name":"Non-Garlic ","name_zh":null,"price":"0.5","status":"A","created":"2016-07-01 11:23:22"},{"id":"23","cousine_id":"11","name":"Duck Blood","name_zh":null,"price":"1","status":"A","created":"2016-07-01 11:23:35"},{"id":"24","cousine_id":"11","name":"Toufu _duck","name_zh":null,"price":"0.7","status":"A","created":"2016-07-01 11:23:53"},{"id":"25","cousine_id":"11","name":"Extra Soup","name_zh":null,"price":"0.9","status":"A","created":"2016-07-01 11:24:07"}]', NULL, 'N', '2016-07-08 22:24:17'),
	(294, 61, 15, 'Fried noodles', 'ç‚’é¢', 5, 5, 1, 12, 0, NULL, '', NULL, 'N', '2016-07-08 22:24:18'),
	(295, 61, 17, 'Samosa', 'å’–å–±è§’', 6, 2, 1, 12, 0, NULL, '', NULL, 'N', '2016-07-08 22:24:19'),
	(296, 60, 12, 'Couscous', 'åº“æ–¯åº“æ–¯', 5, 7, 1, 12, 0, NULL, '', NULL, 'Y', '2016-07-08 22:25:43'),
	(297, 62, 15, 'Fried noodles', 'ç‚’é¢', 5, 5, 1, 12, 0, NULL, '', NULL, 'Y', '2016-07-08 22:32:21'),
	(298, 62, 17, 'Samosa', 'å’–å–±è§’', 6, 2, 1, 12, 0, NULL, '', NULL, 'Y', '2016-07-08 22:32:22'),
	(299, 62, 16, 'Frozen noodles', 'å†·å†»é¢æ¡', 5, 6, 1, 12, 0, NULL, '', NULL, 'Y', '2016-07-08 22:32:23'),
	(300, 62, 12, 'Couscous', 'åº“æ–¯åº“æ–¯', 5, 7, 1, 12, 0, NULL, '', NULL, 'Y', '2016-07-08 22:32:27'),
	(301, 62, 11, 'Cart noodle', 'è½¦ä»”é¢', 5, 2, 1, 12, 0, '[{"id":"22","price":"0.5","name":"Non-Garlic  "}]', '[{"id":"20","cousine_id":"11","name":"Mild","name_zh":null,"price":"0","status":"A","created":"2016-07-01 11:22:48"},{"id":"21","cousine_id":"11","name":"Extra Spicy ","name_zh":null,"price":"0.99","status":"A","created":"2016-07-01 11:23:07"},{"id":"22","cousine_id":"11","name":"Non-Garlic ","name_zh":null,"price":"0.5","status":"A","created":"2016-07-01 11:23:22"},{"id":"23","cousine_id":"11","name":"Duck Blood","name_zh":null,"price":"1","status":"A","created":"2016-07-01 11:23:35"},{"id":"24","cousine_id":"11","name":"Toufu _duck","name_zh":null,"price":"0.7","status":"A","created":"2016-07-01 11:23:53"},{"id":"25","cousine_id":"11","name":"Extra Soup","name_zh":null,"price":"0.9","status":"A","created":"2016-07-01 11:24:07"}]', 0.5, 'Y', '2016-07-08 22:32:44'),
	(302, 62, 15, 'Fried noodles', 'ç‚’é¢', 5, 5, 1, 12, 0, NULL, '', NULL, 'N', '2016-07-08 22:33:48'),
	(303, 63, 11, 'Cart noodle', 'è½¦ä»”é¢', 5, 2, 1, 12, 0, '[{"id":"21","price":"0.99","name":"Extra Spicy  "},{"id":"22","price":"0.5","name":"Non-Garlic  "},{"id":"25","price":"0.9","name":"Extra Soup "}]', '[{"id":"20","cousine_id":"11","name":"Mild","name_zh":null,"price":"0","status":"A","created":"2016-07-01 11:22:48"},{"id":"21","cousine_id":"11","name":"Extra Spicy ","name_zh":null,"price":"0.99","status":"A","created":"2016-07-01 11:23:07"},{"id":"22","cousine_id":"11","name":"Non-Garlic ","name_zh":null,"price":"0.5","status":"A","created":"2016-07-01 11:23:22"},{"id":"23","cousine_id":"11","name":"Duck Blood","name_zh":null,"price":"1","status":"A","created":"2016-07-01 11:23:35"},{"id":"24","cousine_id":"11","name":"Toufu _duck","name_zh":null,"price":"0.7","status":"A","created":"2016-07-01 11:23:53"},{"id":"25","cousine_id":"11","name":"Extra Soup","name_zh":null,"price":"0.9","status":"A","created":"2016-07-01 11:24:07"}]', 2.39, 'N', '2016-07-08 22:36:18'),
	(304, 63, 15, 'Fried noodles', 'ç‚’é¢', 5, 5, 1, 12, 0, NULL, '', NULL, 'N', '2016-07-08 22:36:48'),
	(307, 63, 15, 'Fried noodles', 'ç‚’é¢', 5, 5, 1, 12, 0, NULL, '', NULL, 'N', '2016-07-08 22:36:49'),
	(322, 64, 11, 'Cart noodle', 'è½¦ä»”é¢', 5, 2, 1, 12, 0, NULL, '[{"id":"20","cousine_id":"11","name":"Mild","name_zh":null,"price":"0","status":"A","created":"2016-07-01 11:22:48"},{"id":"21","cousine_id":"11","name":"Extra Spicy ","name_zh":null,"price":"0.99","status":"A","created":"2016-07-01 11:23:07"},{"id":"22","cousine_id":"11","name":"Non-Garlic ","name_zh":null,"price":"0.5","status":"A","created":"2016-07-01 11:23:22"},{"id":"23","cousine_id":"11","name":"Duck Blood","name_zh":null,"price":"1","status":"A","created":"2016-07-01 11:23:35"},{"id":"24","cousine_id":"11","name":"Toufu _duck","name_zh":null,"price":"0.7","status":"A","created":"2016-07-01 11:23:53"},{"id":"25","cousine_id":"11","name":"Extra Soup","name_zh":null,"price":"0.9","status":"A","created":"2016-07-01 11:24:07"}]', NULL, 'N', '2016-07-08 22:41:30'),
	(323, 64, 15, 'Fried noodles', 'ç‚’é¢', 5, 5, 1, 12, 0, NULL, '', NULL, 'N', '2016-07-08 22:41:31'),
	(324, 64, 17, 'Samosa', 'å’–å–±è§’', 6, 2, 1, 12, 0, NULL, '', NULL, 'N', '2016-07-08 22:41:31'),
	(325, 53, 11, 'Cart noodle', 'è½¦ä»”é¢', 5, 2, 1, 12, 0, NULL, '[{"id":"20","cousine_id":"11","name":"Mild","name_zh":null,"price":"0","status":"A","created":"2016-07-01 11:22:48"},{"id":"21","cousine_id":"11","name":"Extra Spicy ","name_zh":null,"price":"0.99","status":"A","created":"2016-07-01 11:23:07"},{"id":"22","cousine_id":"11","name":"Non-Garlic ","name_zh":null,"price":"0.5","status":"A","created":"2016-07-01 11:23:22"},{"id":"23","cousine_id":"11","name":"Duck Blood","name_zh":null,"price":"1","status":"A","created":"2016-07-01 11:23:35"},{"id":"24","cousine_id":"11","name":"Toufu _duck","name_zh":null,"price":"0.7","status":"A","created":"2016-07-01 11:23:53"},{"id":"25","cousine_id":"11","name":"Extra Soup","name_zh":null,"price":"0.9","status":"A","created":"2016-07-01 11:24:07"}]', NULL, 'Y', '2016-07-08 22:41:37'),
	(326, 53, 11, 'Cart noodle', 'è½¦ä»”é¢', 5, 2, 1, 12, 0, NULL, '[{"id":"20","cousine_id":"11","name":"Mild","name_zh":null,"price":"0","status":"A","created":"2016-07-01 11:22:48"},{"id":"21","cousine_id":"11","name":"Extra Spicy ","name_zh":null,"price":"0.99","status":"A","created":"2016-07-01 11:23:07"},{"id":"22","cousine_id":"11","name":"Non-Garlic ","name_zh":null,"price":"0.5","status":"A","created":"2016-07-01 11:23:22"},{"id":"23","cousine_id":"11","name":"Duck Blood","name_zh":null,"price":"1","status":"A","created":"2016-07-01 11:23:35"},{"id":"24","cousine_id":"11","name":"Toufu _duck","name_zh":null,"price":"0.7","status":"A","created":"2016-07-01 11:23:53"},{"id":"25","cousine_id":"11","name":"Extra Soup","name_zh":null,"price":"0.9","status":"A","created":"2016-07-01 11:24:07"}]', NULL, 'Y', '2016-07-08 22:41:37'),
	(327, 53, 11, 'Cart noodle', 'è½¦ä»”é¢', 5, 2, 1, 12, 0, NULL, '[{"id":"20","cousine_id":"11","name":"Mild","name_zh":null,"price":"0","status":"A","created":"2016-07-01 11:22:48"},{"id":"21","cousine_id":"11","name":"Extra Spicy ","name_zh":null,"price":"0.99","status":"A","created":"2016-07-01 11:23:07"},{"id":"22","cousine_id":"11","name":"Non-Garlic ","name_zh":null,"price":"0.5","status":"A","created":"2016-07-01 11:23:22"},{"id":"23","cousine_id":"11","name":"Duck Blood","name_zh":null,"price":"1","status":"A","created":"2016-07-01 11:23:35"},{"id":"24","cousine_id":"11","name":"Toufu _duck","name_zh":null,"price":"0.7","status":"A","created":"2016-07-01 11:23:53"},{"id":"25","cousine_id":"11","name":"Extra Soup","name_zh":null,"price":"0.9","status":"A","created":"2016-07-01 11:24:07"}]', NULL, 'Y', '2016-07-08 22:41:37'),
	(328, 53, 18, 'Veg Momos', 'è”¬èœèŽ«èŽ«', 6, 1.5, 1, 12, 0, NULL, '', NULL, 'N', '2016-07-08 22:41:38'),
	(329, 53, 16, 'Frozen noodles', 'å†·å†»é¢æ¡', 5, 6, 1, 12, 0, NULL, '', NULL, 'Y', '2016-07-08 22:41:38'),
	(330, 53, 12, 'Couscous', 'åº“æ–¯åº“æ–¯', 5, 7, 1, 12, 0, NULL, '', NULL, 'Y', '2016-07-08 22:41:38'),
	(331, 53, 11, 'Cart noodle', 'è½¦ä»”é¢', 5, 2, 1, 12, 0, NULL, '[{"id":"20","cousine_id":"11","name":"Mild","name_zh":null,"price":"0","status":"A","created":"2016-07-01 11:22:48"},{"id":"21","cousine_id":"11","name":"Extra Spicy ","name_zh":null,"price":"0.99","status":"A","created":"2016-07-01 11:23:07"},{"id":"22","cousine_id":"11","name":"Non-Garlic ","name_zh":null,"price":"0.5","status":"A","created":"2016-07-01 11:23:22"},{"id":"23","cousine_id":"11","name":"Duck Blood","name_zh":null,"price":"1","status":"A","created":"2016-07-01 11:23:35"},{"id":"24","cousine_id":"11","name":"Toufu _duck","name_zh":null,"price":"0.7","status":"A","created":"2016-07-01 11:23:53"},{"id":"25","cousine_id":"11","name":"Extra Soup","name_zh":null,"price":"0.9","status":"A","created":"2016-07-01 11:24:07"}]', NULL, 'Y', '2016-07-08 22:42:29'),
	(333, 53, 18, 'Veg Momos', 'è”¬èœèŽ«èŽ«', 6, 1.5, 1, 12, 0, NULL, '', NULL, 'N', '2016-07-08 22:42:43'),
	(334, 53, 11, 'Cart noodle', 'è½¦ä»”é¢', 5, 2, 1, 12, 0, NULL, '[{"id":"20","cousine_id":"11","name":"Mild","name_zh":null,"price":"0","status":"A","created":"2016-07-01 11:22:48"},{"id":"21","cousine_id":"11","name":"Extra Spicy ","name_zh":null,"price":"0.99","status":"A","created":"2016-07-01 11:23:07"},{"id":"22","cousine_id":"11","name":"Non-Garlic ","name_zh":null,"price":"0.5","status":"A","created":"2016-07-01 11:23:22"},{"id":"23","cousine_id":"11","name":"Duck Blood","name_zh":null,"price":"1","status":"A","created":"2016-07-01 11:23:35"},{"id":"24","cousine_id":"11","name":"Toufu _duck","name_zh":null,"price":"0.7","status":"A","created":"2016-07-01 11:23:53"},{"id":"25","cousine_id":"11","name":"Extra Soup","name_zh":null,"price":"0.9","status":"A","created":"2016-07-01 11:24:07"}]', NULL, 'Y', '2016-07-08 22:42:44'),
	(335, 53, 15, 'Fried noodles', 'ç‚’é¢', 5, 5, 1, 12, 0, NULL, '', NULL, 'Y', '2016-07-08 22:43:09'),
	(336, 65, 15, 'Fried noodles', 'ç‚’é¢', 5, 5, 1, 12, 0, NULL, '', NULL, 'Y', '2016-07-09 11:48:55'),
	(337, 65, 11, 'Cart noodle', 'è½¦ä»”é¢', 5, 2, 1, 12, 0, NULL, '[{"id":"20","cousine_id":"11","name":"Mild","name_zh":null,"price":"0","status":"A","created":"2016-07-01 11:22:48"},{"id":"21","cousine_id":"11","name":"Extra Spicy ","name_zh":null,"price":"0.99","status":"A","created":"2016-07-01 11:23:07"},{"id":"22","cousine_id":"11","name":"Non-Garlic ","name_zh":null,"price":"0.5","status":"A","created":"2016-07-01 11:23:22"},{"id":"23","cousine_id":"11","name":"Duck Blood","name_zh":null,"price":"1","status":"A","created":"2016-07-01 11:23:35"},{"id":"24","cousine_id":"11","name":"Toufu _duck","name_zh":null,"price":"0.7","status":"A","created":"2016-07-01 11:23:53"},{"id":"25","cousine_id":"11","name":"Extra Soup","name_zh":null,"price":"0.9","status":"A","created":"2016-07-01 11:24:07"}]', NULL, 'Y', '2016-07-09 11:49:01'),
	(338, 66, 11, 'Cart noodle', 'è½¦ä»”é¢', 5, 2, 1, 12, 0, NULL, '[{"id":"20","cousine_id":"11","name":"Mild","name_zh":null,"price":"0","status":"A","created":"2016-07-01 11:22:48"},{"id":"21","cousine_id":"11","name":"Extra Spicy ","name_zh":null,"price":"0.99","status":"A","created":"2016-07-01 11:23:07"},{"id":"22","cousine_id":"11","name":"Non-Garlic ","name_zh":null,"price":"0.5","status":"A","created":"2016-07-01 11:23:22"},{"id":"23","cousine_id":"11","name":"Duck Blood","name_zh":null,"price":"1","status":"A","created":"2016-07-01 11:23:35"},{"id":"24","cousine_id":"11","name":"Toufu _duck","name_zh":null,"price":"0.7","status":"A","created":"2016-07-01 11:23:53"},{"id":"25","cousine_id":"11","name":"Extra Soup","name_zh":null,"price":"0.9","status":"A","created":"2016-07-01 11:24:07"}]', NULL, 'N', '2016-07-11 11:34:47'),
	(339, 66, 15, 'Fried noodles', 'ç‚’é¢', 5, 5, 1, 12, 0, NULL, '', NULL, 'N', '2016-07-11 11:34:47'),
	(340, 66, 12, 'Couscous', 'åº“æ–¯åº“æ–¯', 5, 7, 1, 12, 0, NULL, '', NULL, 'N', '2016-07-11 11:34:48'),
	(341, 66, 18, 'Veg Momos', 'è”¬èœèŽ«èŽ«', 6, 1.5, 1, 12, 0, NULL, '', NULL, 'N', '2016-07-11 11:34:48'),
	(342, 64, 12, 'Couscous', 'åº“æ–¯åº“æ–¯', 5, 7, 1, 12, 0, NULL, '', NULL, 'N', '2016-07-12 13:45:03'),
	(343, 64, 12, 'Couscous', 'åº“æ–¯åº“æ–¯', 5, 7, 1, 12, 0, NULL, '', NULL, 'N', '2016-07-12 13:45:04'),
	(348, 56, 14, 'Fideo', 'Fideo', 5, 3, 1, 12, 0, NULL, '', NULL, 'N', '2016-07-13 10:51:21'),
	(349, 56, 12, 'Couscous', 'åº“æ–¯åº“æ–¯', 5, 7, 1, 12, 0, NULL, '', NULL, 'N', '2016-07-13 10:51:29'),
	(350, 56, 17, 'Samosa', 'å’–å–±è§’', 6, 2, 1, 12, 0, NULL, '', NULL, 'N', '2016-07-13 10:51:36'),
	(351, 67, 14, 'Fideo', 'Fideo', 5, 3, 1, 12, 0, NULL, '', NULL, 'N', '2016-07-13 11:05:37'),
	(352, 67, 12, 'Couscous', 'åº“æ–¯åº“æ–¯', 5, 7, 1, 12, 0, NULL, '', NULL, 'N', '2016-07-13 11:05:38'),
	(353, 67, 16, 'Frozen noodles', 'å†·å†»é¢æ¡', 5, 6, 1, 12, 0, NULL, '', NULL, 'N', '2016-07-13 11:05:39'),
	(355, 67, 13, 'Cup Noodles', 'æ¯é¢', 5, 2.76, 1, 12, 0, NULL, '', NULL, 'N', '2016-07-13 11:05:49'),
	(356, 67, 13, 'Cup Noodles', 'æ¯é¢', 5, 2.76, 1, 12, 0, NULL, '', NULL, 'N', '2016-07-13 11:06:25'),
	(357, 67, 17, 'Samosa', 'å’–å–±è§’', 6, 2, 1, 12, 0, NULL, '', NULL, 'N', '2016-07-13 11:09:57'),
	(358, 67, 17, 'Samosa', 'å’–å–±è§’', 6, 2, 1, 12, 0, NULL, '', NULL, 'N', '2016-07-13 11:09:58'),
	(359, 68, 11, 'Cart noodle', 'è½¦ä»”é¢', 5, 2, 1, 12, 0, NULL, '[{"id":"20","cousine_id":"11","name":"Mild","name_zh":null,"price":"0","status":"A","created":"2016-07-01 11:22:48"},{"id":"21","cousine_id":"11","name":"Extra Spicy ","name_zh":null,"price":"0.99","status":"A","created":"2016-07-01 11:23:07"},{"id":"22","cousine_id":"11","name":"Non-Garlic ","name_zh":null,"price":"0.5","status":"A","created":"2016-07-01 11:23:22"},{"id":"23","cousine_id":"11","name":"Duck Blood","name_zh":null,"price":"1","status":"A","created":"2016-07-01 11:23:35"},{"id":"24","cousine_id":"11","name":"Toufu _duck","name_zh":null,"price":"0.7","status":"A","created":"2016-07-01 11:23:53"},{"id":"25","cousine_id":"11","name":"Extra Soup","name_zh":null,"price":"0.9","status":"A","created":"2016-07-01 11:24:07"}]', NULL, 'N', '2016-07-13 11:10:40'),
	(360, 68, 15, 'Fried noodles', 'ç‚’é¢', 5, 5, 1, 12, 0, NULL, '', NULL, 'N', '2016-07-13 11:10:40'),
	(362, 68, 12, 'Couscous', 'åº“æ–¯åº“æ–¯', 5, 7, 1, 12, 0, NULL, '', NULL, 'N', '2016-07-13 11:10:41'),
	(363, 68, 13, 'Cup Noodles', 'æ¯é¢', 5, 2.76, 1, 12, 0, NULL, '', NULL, 'N', '2016-07-13 11:10:42'),
	(364, 68, 13, 'Cup Noodles', 'æ¯é¢', 5, 2.76, 1, 12, 0, NULL, '', NULL, 'N', '2016-07-13 11:10:43'),
	(365, 68, 17, 'Samosa', 'å’–å–±è§’', 6, 2, 1, 12, 0, NULL, '', NULL, 'N', '2016-07-13 11:10:54'),
	(366, 68, 17, 'Samosa', 'å’–å–±è§’', 6, 2, 1, 12, 0, NULL, '', NULL, 'N', '2016-07-13 11:10:54'),
	(367, 68, 17, 'Samosa', 'å’–å–±è§’', 6, 2, 1, 12, 0, NULL, '', NULL, 'N', '2016-07-13 11:10:55'),
	(368, 68, 14, 'Fideo', 'Fideo', 5, 3, 1, 12, 0, NULL, '', NULL, 'N', '2016-07-13 11:11:10'),
	(369, 68, 10, 'Black noodles', 'é»‘é¢', 5, 5.77, 1, 12, 0.6924, NULL, '[{"id":"16","cousine_id":"10","name":"Extra1","name_zh":null,"price":"1","status":"A","created":"2016-07-01 11:21:31"},{"id":"17","cousine_id":"10","name":"Extra2","name_zh":null,"price":"2","status":"A","created":"2016-07-01 11:21:42"},{"id":"18","cousine_id":"10","name":"Extra 3","name_zh":null,"price":"1","status":"A","created":"2016-07-01 11:21:56"},{"id":"19","cousine_id":"10","name":"Extra 4","name_zh":null,"price":"0","status":"A","created":"2016-07-01 11:22:11"}]', NULL, 'N', '2016-07-13 11:12:55'),
	(370, 44, 11, 'Cart noodle', 'è½¦ä»”é¢', 5, 5, 1, 12, 0, NULL, '[{"id":"20","cousine_id":"11","name":"Mild","name_zh":null,"price":"0","status":"A","created":"2016-07-01 11:22:48"},{"id":"21","cousine_id":"11","name":"Extra Spicy ","name_zh":null,"price":"0.99","status":"A","created":"2016-07-01 11:23:07"},{"id":"22","cousine_id":"11","name":"Non-Garlic ","name_zh":null,"price":"0.5","status":"A","created":"2016-07-01 11:23:22"},{"id":"23","cousine_id":"11","name":"Duck Blood","name_zh":null,"price":"1","status":"A","created":"2016-07-01 11:23:35"},{"id":"24","cousine_id":"11","name":"Toufu _duck","name_zh":null,"price":"0.7","status":"A","created":"2016-07-01 11:23:53"},{"id":"25","cousine_id":"11","name":"Extra Soup","name_zh":null,"price":"0.9","status":"A","created":"2016-07-01 11:24:07"}]', NULL, 'N', '2016-07-13 11:30:56'),
	(371, 44, 15, 'Fried noodles', 'ç‚’é¢', 5, 5, 1, 12, 0, NULL, '', NULL, 'N', '2016-07-13 11:30:56'),
	(372, 44, 17, 'Samosa', 'å’–å–±è§’', 6, 2, 1, 12, 0, NULL, '', NULL, 'Y', '2016-07-13 11:30:57'),
	(373, 44, 19, 'Rice', 'é¥­', 6, 4, 1, 12, 0.48, NULL, '[{"id":"26","cousine_id":"19","name":"fan with egg","name_zh":"\\u86cb\\u7092\\u996d","price":"6","status":"A","created":"2016-07-13 11:22:12"},{"id":"27","cousine_id":"19","name":"mixed rice","name_zh":"\\u626c\\u5dde\\u7092\\u996d","price":"10","status":"A","created":"2016-07-13 11:23:14"}]', NULL, 'Y', '2016-07-13 11:30:59'),
	(374, 44, 11, 'Cart noodle', 'è½¦ä»”é¢', 5, 5, 1, 12, 0, NULL, '[{"id":"20","cousine_id":"11","name":"Mild","name_zh":null,"price":"0","status":"A","created":"2016-07-01 11:22:48"},{"id":"21","cousine_id":"11","name":"Extra Spicy ","name_zh":null,"price":"0.99","status":"A","created":"2016-07-01 11:23:07"},{"id":"22","cousine_id":"11","name":"Non-Garlic ","name_zh":null,"price":"0.5","status":"A","created":"2016-07-01 11:23:22"},{"id":"23","cousine_id":"11","name":"Duck Blood","name_zh":null,"price":"1","status":"A","created":"2016-07-01 11:23:35"},{"id":"24","cousine_id":"11","name":"Toufu _duck","name_zh":null,"price":"0.7","status":"A","created":"2016-07-01 11:23:53"},{"id":"25","cousine_id":"11","name":"Extra Soup","name_zh":null,"price":"0.9","status":"A","created":"2016-07-01 11:24:07"}]', NULL, 'N', '2016-07-13 11:31:12'),
	(375, 44, 13, 'Cup Noodles', 'æ¯é¢', 5, 2.76, 1, 12, 0, NULL, '', NULL, 'Y', '2016-07-13 11:31:59'),
	(376, 44, 13, 'Cup Noodles', 'æ¯é¢', 5, 2.76, 1, 12, 0, NULL, '', NULL, 'N', '2016-07-13 11:32:15'),
	(377, 44, 15, 'Fried noodles', 'ç‚’é¢', 5, 5, 1, 12, 0, NULL, '', NULL, 'N', '2016-07-13 11:32:17'),
	(378, 44, 17, 'Samosa', 'å’–å–±è§’', 6, 2, 1, 12, 0, NULL, '', NULL, 'Y', '2016-07-13 11:32:17'),
	(379, 44, 12, 'Couscous', 'åº“æ–¯åº“æ–¯', 5, 7, 1, 12, 0, NULL, '', NULL, 'N', '2016-07-13 11:32:18'),
	(380, 44, 18, 'Veg Momos', 'è”¬èœèŽ«èŽ«', 6, 1.5, 1, 12, 0, NULL, '', NULL, 'Y', '2016-07-13 11:32:18'),
	(381, 44, 16, 'Frozen noodles', 'å†·å†»é¢æ¡', 5, 6, 1, 12, 0, NULL, '', NULL, 'N', '2016-07-13 11:32:19'),
	(382, 60, 17, 'Samosa', 'å’–å–±è§’', 6, 2, 1, 12, 0, NULL, '', NULL, 'N', '2016-07-13 11:33:23'),
	(383, 60, 15, 'Fried noodles', 'ç‚’é¢', 5, 5, 1, 12, 0, NULL, '', NULL, 'Y', '2016-07-13 11:33:36'),
	(384, 60, 12, 'Couscous', 'åº“æ–¯åº“æ–¯', 5, 7, 1, 12, 0, NULL, '', NULL, 'Y', '2016-07-13 11:33:37'),
	(385, 60, 18, 'Veg Momos', 'è”¬èœèŽ«èŽ«', 6, 1.5, 1, 12, 0, NULL, '', NULL, 'N', '2016-07-13 11:33:38'),
	(386, 59, 14, 'Fideo', 'Fideo', 5, 3, 1, 12, 0, NULL, '', NULL, 'N', '2016-07-13 11:40:16'),
	(387, 69, 11, 'Cart noodle', 'è½¦ä»”é¢', 5, 5, 1, 12, 0, NULL, '[{"id":"20","cousine_id":"11","name":"Mild","name_zh":null,"price":"0","status":"A","created":"2016-07-01 11:22:48"},{"id":"21","cousine_id":"11","name":"Extra Spicy ","name_zh":null,"price":"0.99","status":"A","created":"2016-07-01 11:23:07"},{"id":"22","cousine_id":"11","name":"Non-Garlic ","name_zh":null,"price":"0.5","status":"A","created":"2016-07-01 11:23:22"},{"id":"23","cousine_id":"11","name":"Duck Blood","name_zh":null,"price":"1","status":"A","created":"2016-07-01 11:23:35"},{"id":"24","cousine_id":"11","name":"Toufu _duck","name_zh":null,"price":"0.7","status":"A","created":"2016-07-01 11:23:53"},{"id":"25","cousine_id":"11","name":"Extra Soup","name_zh":null,"price":"0.9","status":"A","created":"2016-07-01 11:24:07"}]', NULL, 'N', '2016-07-13 11:42:20'),
	(388, 69, 15, 'Fried noodles', 'ç‚’é¢', 5, 5, 1, 12, 0, NULL, '', NULL, 'N', '2016-07-13 11:42:20'),
	(389, 69, 17, 'Samosa', 'å’–å–±è§’', 6, 2, 1, 12, 0, NULL, '', NULL, 'N', '2016-07-13 11:42:20'),
	(390, 69, 12, 'Couscous', 'åº“æ–¯åº“æ–¯', 5, 7, 1, 12, 0, NULL, '', NULL, 'N', '2016-07-13 11:42:21'),
	(396, 71, 11, 'Cart noodle', 'è½¦ä»”é¢', 5, 5, 1, 12, 0, NULL, '[{"id":"20","cousine_id":"11","name":"Mild","name_zh":null,"price":"0","status":"A","created":"2016-07-01 11:22:48"},{"id":"21","cousine_id":"11","name":"Extra Spicy ","name_zh":null,"price":"0.99","status":"A","created":"2016-07-01 11:23:07"},{"id":"22","cousine_id":"11","name":"Non-Garlic ","name_zh":null,"price":"0.5","status":"A","created":"2016-07-01 11:23:22"},{"id":"23","cousine_id":"11","name":"Duck Blood","name_zh":null,"price":"1","status":"A","created":"2016-07-01 11:23:35"},{"id":"24","cousine_id":"11","name":"Toufu _duck","name_zh":null,"price":"0.7","status":"A","created":"2016-07-01 11:23:53"},{"id":"25","cousine_id":"11","name":"Extra Soup","name_zh":null,"price":"0.9","status":"A","created":"2016-07-01 11:24:07"}]', NULL, 'Y', '2016-07-13 11:52:11'),
	(397, 71, 15, 'Fried noodles', 'ç‚’é¢', 5, 5, 1, 12, 0, NULL, '', NULL, 'Y', '2016-07-13 11:52:12'),
	(398, 71, 17, 'Samosa', 'å’–å–±è§’', 6, 2, 1, 12, 0, NULL, '', NULL, 'N', '2016-07-13 11:52:12'),
	(399, 71, 17, 'Samosa', 'å’–å–±è§’', 6, 2, 1, 12, 0, NULL, '', NULL, 'N', '2016-07-13 11:52:14'),
	(400, 71, 18, 'Veg Momos', 'è”¬èœèŽ«èŽ«', 6, 1.5, 1, 12, 0, NULL, '', NULL, 'N', '2016-07-13 11:52:15'),
	(404, 72, 11, 'Cart noodle', 'è½¦ä»”é¢', 5, 5, 1, 12, 0, NULL, '[{"id":"20","cousine_id":"11","name":"Mild","name_zh":null,"price":"0","status":"A","created":"2016-07-01 11:22:48"},{"id":"21","cousine_id":"11","name":"Extra Spicy ","name_zh":null,"price":"0.99","status":"A","created":"2016-07-01 11:23:07"},{"id":"22","cousine_id":"11","name":"Non-Garlic ","name_zh":null,"price":"0.5","status":"A","created":"2016-07-01 11:23:22"},{"id":"23","cousine_id":"11","name":"Duck Blood","name_zh":null,"price":"1","status":"A","created":"2016-07-01 11:23:35"},{"id":"24","cousine_id":"11","name":"Toufu _duck","name_zh":null,"price":"0.7","status":"A","created":"2016-07-01 11:23:53"},{"id":"25","cousine_id":"11","name":"Extra Soup","name_zh":null,"price":"0.9","status":"A","created":"2016-07-01 11:24:07"}]', NULL, 'N', '2016-07-13 12:08:14'),
	(405, 72, 17, 'Samosa', 'å’–å–±è§’', 6, 2, 1, 12, 0, NULL, '', NULL, 'N', '2016-07-13 12:08:15'),
	(406, 72, 14, 'Fideo', 'Fideo', 5, 3, 1, 12, 0, NULL, '', NULL, 'N', '2016-07-13 12:08:34'),
	(407, 72, 19, 'Rice', 'é¥­', 6, 4, 1, 12, 0.48, NULL, '[{"id":"26","cousine_id":"19","name":"fan with egg","name_zh":"\\u86cb\\u7092\\u996d","price":"6","status":"A","created":"2016-07-13 11:22:12"},{"id":"27","cousine_id":"19","name":"mixed rice","name_zh":"\\u626c\\u5dde\\u7092\\u996d","price":"10","status":"A","created":"2016-07-13 11:23:14"}]', NULL, 'N', '2016-07-13 12:09:57'),
	(408, 72, 17, 'Samosa', 'å’–å–±è§’', 6, 2, 1, 12, 0, NULL, '', NULL, 'N', '2016-07-13 12:10:09'),
	(409, 73, 19, 'Rice', 'é¥­', 6, 4, 1, 12, 0.48, NULL, '[{"id":"26","cousine_id":"19","name":"fan with egg","name_zh":"\\u86cb\\u7092\\u996d","price":"6","status":"A","created":"2016-07-13 11:22:12"},{"id":"27","cousine_id":"19","name":"mixed rice","name_zh":"\\u626c\\u5dde\\u7092\\u996d","price":"10","status":"A","created":"2016-07-13 11:23:14"}]', NULL, 'N', '2016-07-13 12:19:01'),
	(410, 73, 11, 'Cart noodle', 'è½¦ä»”é¢', 5, 5, 1, 12, 0, NULL, '[{"id":"20","cousine_id":"11","name":"Mild","name_zh":null,"price":"0","status":"A","created":"2016-07-01 11:22:48"},{"id":"21","cousine_id":"11","name":"Extra Spicy ","name_zh":null,"price":"0.99","status":"A","created":"2016-07-01 11:23:07"},{"id":"22","cousine_id":"11","name":"Non-Garlic ","name_zh":null,"price":"0.5","status":"A","created":"2016-07-01 11:23:22"},{"id":"23","cousine_id":"11","name":"Duck Blood","name_zh":null,"price":"1","status":"A","created":"2016-07-01 11:23:35"},{"id":"24","cousine_id":"11","name":"Toufu _duck","name_zh":null,"price":"0.7","status":"A","created":"2016-07-01 11:23:53"},{"id":"25","cousine_id":"11","name":"Extra Soup","name_zh":null,"price":"0.9","status":"A","created":"2016-07-01 11:24:07"}]', NULL, 'N', '2016-07-13 12:21:08'),
	(415, 74, 11, 'Cart noodle', 'è½¦ä»”é¢', 5, 5, 1, 12, 0, NULL, '[{"id":"20","cousine_id":"11","name":"Mild","name_zh":null,"price":"0","status":"A","created":"2016-07-01 11:22:48"},{"id":"21","cousine_id":"11","name":"Extra Spicy ","name_zh":null,"price":"0.99","status":"A","created":"2016-07-01 11:23:07"},{"id":"22","cousine_id":"11","name":"Non-Garlic ","name_zh":null,"price":"0.5","status":"A","created":"2016-07-01 11:23:22"},{"id":"23","cousine_id":"11","name":"Duck Blood","name_zh":null,"price":"1","status":"A","created":"2016-07-01 11:23:35"},{"id":"24","cousine_id":"11","name":"Toufu _duck","name_zh":null,"price":"0.7","status":"A","created":"2016-07-01 11:23:53"},{"id":"25","cousine_id":"11","name":"Extra Soup","name_zh":null,"price":"0.9","status":"A","created":"2016-07-01 11:24:07"}]', NULL, 'N', '2016-07-13 12:40:44'),
	(416, 74, 15, 'Fried noodles', 'ç‚’é¢', 5, 5, 1, 12, 0, NULL, '', NULL, 'N', '2016-07-13 12:40:45'),
	(417, 74, 11, 'Cart noodle', 'è½¦ä»”é¢', 5, 5, 1, 12, 0, NULL, '[{"id":"20","cousine_id":"11","name":"Mild","name_zh":null,"price":"0","status":"A","created":"2016-07-01 11:22:48"},{"id":"21","cousine_id":"11","name":"Extra Spicy ","name_zh":null,"price":"0.99","status":"A","created":"2016-07-01 11:23:07"},{"id":"22","cousine_id":"11","name":"Non-Garlic ","name_zh":null,"price":"0.5","status":"A","created":"2016-07-01 11:23:22"},{"id":"23","cousine_id":"11","name":"Duck Blood","name_zh":null,"price":"1","status":"A","created":"2016-07-01 11:23:35"},{"id":"24","cousine_id":"11","name":"Toufu _duck","name_zh":null,"price":"0.7","status":"A","created":"2016-07-01 11:23:53"},{"id":"25","cousine_id":"11","name":"Extra Soup","name_zh":null,"price":"0.9","status":"A","created":"2016-07-01 11:24:07"}]', NULL, 'N', '2016-07-13 12:40:45'),
	(418, 74, 15, 'Fried noodles', 'ç‚’é¢', 5, 5, 1, 12, 0, NULL, '', NULL, 'N', '2016-07-13 12:40:45'),
	(419, 74, 11, 'Cart noodle', 'è½¦ä»”é¢', 5, 5, 1, 12, 0, NULL, '[{"id":"20","cousine_id":"11","name":"Mild","name_zh":null,"price":"0","status":"A","created":"2016-07-01 11:22:48"},{"id":"21","cousine_id":"11","name":"Extra Spicy ","name_zh":null,"price":"0.99","status":"A","created":"2016-07-01 11:23:07"},{"id":"22","cousine_id":"11","name":"Non-Garlic ","name_zh":null,"price":"0.5","status":"A","created":"2016-07-01 11:23:22"},{"id":"23","cousine_id":"11","name":"Duck Blood","name_zh":null,"price":"1","status":"A","created":"2016-07-01 11:23:35"},{"id":"24","cousine_id":"11","name":"Toufu _duck","name_zh":null,"price":"0.7","status":"A","created":"2016-07-01 11:23:53"},{"id":"25","cousine_id":"11","name":"Extra Soup","name_zh":null,"price":"0.9","status":"A","created":"2016-07-01 11:24:07"}]', NULL, 'N', '2016-07-13 12:40:46'),
	(420, 74, 17, 'Samosa', 'å’–å–±è§’', 6, 2, 1, 12, 0, NULL, '', NULL, 'N', '2016-07-13 12:41:02'),
	(421, 74, 19, 'Rice', 'é¥­', 6, 4, 1, 12, 0.48, NULL, '[{"id":"26","cousine_id":"19","name":"fan with egg","name_zh":"\\u86cb\\u7092\\u996d","price":"6","status":"A","created":"2016-07-13 11:22:12"},{"id":"27","cousine_id":"19","name":"mixed rice","name_zh":"\\u626c\\u5dde\\u7092\\u996d","price":"10","status":"A","created":"2016-07-13 11:23:14"}]', NULL, 'N', '2016-07-13 12:41:02'),
	(422, 74, 13, 'Cup Noodles', 'æ¯é¢', 5, 2.76, 1, 12, 0, NULL, '', NULL, 'N', '2016-07-13 12:41:03'),
	(423, 75, 13, 'Cup Noodles', 'æ¯é¢', 5, 2.76, 1, 12, 0, NULL, '', NULL, 'N', '2016-07-13 12:42:43'),
	(424, 76, 11, 'Cart noodle', 'è½¦ä»”é¢', 5, 5, 1, 12, 0, NULL, '[{"id":"20","cousine_id":"11","name":"Mild","name_zh":null,"price":"0","status":"A","created":"2016-07-01 11:22:48"},{"id":"21","cousine_id":"11","name":"Extra Spicy ","name_zh":null,"price":"0.99","status":"A","created":"2016-07-01 11:23:07"},{"id":"22","cousine_id":"11","name":"Non-Garlic ","name_zh":null,"price":"0.5","status":"A","created":"2016-07-01 11:23:22"},{"id":"23","cousine_id":"11","name":"Duck Blood","name_zh":null,"price":"1","status":"A","created":"2016-07-01 11:23:35"},{"id":"24","cousine_id":"11","name":"Toufu _duck","name_zh":null,"price":"0.7","status":"A","created":"2016-07-01 11:23:53"},{"id":"25","cousine_id":"11","name":"Extra Soup","name_zh":null,"price":"0.9","status":"A","created":"2016-07-01 11:24:07"}]', NULL, 'Y', '2016-07-13 13:40:24'),
	(425, 76, 15, 'Fried noodles', 'ç‚’é¢', 5, 5, 1, 12, 0, NULL, '', NULL, 'Y', '2016-07-13 13:40:24'),
	(426, 76, 17, 'Samosa', 'å’–å–±è§’', 6, 2, 1, 12, 0, NULL, '', NULL, 'N', '2016-07-13 13:40:24'),
	(427, 76, 19, 'Rice', 'é¥­', 6, 4, 1, 12, 0.48, NULL, '[{"id":"26","cousine_id":"19","name":"fan with egg","name_zh":"\\u86cb\\u7092\\u996d","price":"6","status":"A","created":"2016-07-13 11:22:12"},{"id":"27","cousine_id":"19","name":"mixed rice","name_zh":"\\u626c\\u5dde\\u7092\\u996d","price":"10","status":"A","created":"2016-07-13 11:23:14"}]', NULL, 'N', '2016-07-13 13:40:24'),
	(428, 76, 14, 'Fideo', 'Fideo', 5, 3, 1, 12, 0, NULL, '', NULL, 'Y', '2016-07-13 13:40:24'),
	(429, 76, 14, 'Fideo', 'Fideo', 5, 3, 1, 12, 0, NULL, '', NULL, 'Y', '2016-07-13 13:40:25'),
	(430, 76, 14, 'Fideo', 'Fideo', 5, 3, 1, 12, 0, NULL, '', NULL, 'Y', '2016-07-13 13:40:25'),
	(431, 76, 17, 'Samosa', 'å’–å–±è§’', 6, 2, 1, 12, 0, NULL, '', NULL, 'N', '2016-07-13 13:40:25'),
	(432, 76, 17, 'Samosa', 'å’–å–±è§’', 6, 2, 1, 12, 0, NULL, '', NULL, 'N', '2016-07-13 13:40:25'),
	(433, 73, 13, 'Cup Noodles', 'æ¯é¢', 5, 2.76, 1, 12, 0, NULL, '', NULL, 'N', '2016-07-13 13:48:08'),
	(434, 73, 13, 'Cup Noodles', 'æ¯é¢', 5, 2.76, 1, 12, 0, NULL, '', NULL, 'N', '2016-07-13 13:48:10'),
	(435, 73, 19, 'Rice', 'é¥­', 6, 4, 1, 12, 0.48, NULL, '[{"id":"26","cousine_id":"19","name":"fan with egg","name_zh":"\\u86cb\\u7092\\u996d","price":"6","status":"A","created":"2016-07-13 11:22:12"},{"id":"27","cousine_id":"19","name":"mixed rice","name_zh":"\\u626c\\u5dde\\u7092\\u996d","price":"10","status":"A","created":"2016-07-13 11:23:14"}]', NULL, 'N', '2016-07-13 13:48:11'),
	(436, 73, 17, 'Samosa', 'å’–å–±è§’', 6, 2, 1, 12, 0, NULL, '', NULL, 'N', '2016-07-13 13:48:12'),
	(437, 73, 15, 'Fried noodles', 'ç‚’é¢', 5, 5, 1, 12, 0, NULL, '', NULL, 'N', '2016-07-13 13:48:13'),
	(438, 73, 12, 'Couscous', 'åº“æ–¯åº“æ–¯', 5, 7, 1, 12, 0, NULL, '', NULL, 'N', '2016-07-13 13:48:15'),
	(439, 73, 16, 'Frozen noodles', 'å†·å†»é¢æ¡', 5, 6, 1, 12, 0, NULL, '', NULL, 'N', '2016-07-13 13:48:16'),
	(440, 73, 12, 'Couscous', 'åº“æ–¯åº“æ–¯', 5, 7, 1, 12, 0, NULL, '', NULL, 'N', '2016-07-13 13:48:17'),
	(441, 73, 17, 'Samosa', 'å’–å–±è§’', 6, 2, 1, 12, 0, NULL, '', NULL, 'N', '2016-07-13 13:48:18'),
	(442, 73, 15, 'Fried noodles', 'ç‚’é¢', 5, 5, 1, 12, 0, NULL, '', NULL, 'N', '2016-07-13 13:48:19'),
	(443, 73, 15, 'Fried noodles', 'ç‚’é¢', 5, 5, 1, 12, 0, NULL, '', NULL, 'N', '2016-07-13 13:48:21'),
	(444, 73, 11, 'Cart noodle', 'è½¦ä»”é¢', 5, 5, 1, 12, 0, NULL, '[{"id":"20","cousine_id":"11","name":"Mild","name_zh":null,"price":"0","status":"A","created":"2016-07-01 11:22:48"},{"id":"21","cousine_id":"11","name":"Extra Spicy ","name_zh":null,"price":"0.99","status":"A","created":"2016-07-01 11:23:07"},{"id":"22","cousine_id":"11","name":"Non-Garlic ","name_zh":null,"price":"0.5","status":"A","created":"2016-07-01 11:23:22"},{"id":"23","cousine_id":"11","name":"Duck Blood","name_zh":null,"price":"1","status":"A","created":"2016-07-01 11:23:35"},{"id":"24","cousine_id":"11","name":"Toufu _duck","name_zh":null,"price":"0.7","status":"A","created":"2016-07-01 11:23:53"},{"id":"25","cousine_id":"11","name":"Extra Soup","name_zh":null,"price":"0.9","status":"A","created":"2016-07-01 11:24:07"}]', NULL, 'N', '2016-07-13 13:48:58'),
	(446, 75, 12, 'Couscous', 'åº“æ–¯åº“æ–¯', 5, 7, 1, 12, 0, NULL, '', NULL, 'Y', '2016-07-13 14:07:00'),
	(447, 45, 19, 'Rice', 'é¥­', 6, 4, 1, 12, 0.48, NULL, '[{"id":"26","cousine_id":"19","name":"fan with egg","name_zh":"\\u86cb\\u7092\\u996d","price":"6","status":"A","created":"2016-07-13 11:22:12"},{"id":"27","cousine_id":"19","name":"mixed rice","name_zh":"\\u626c\\u5dde\\u7092\\u996d","price":"10","status":"A","created":"2016-07-13 11:23:14"}]', NULL, 'N', '2016-07-13 14:09:58'),
	(448, 45, 19, 'Rice', 'é¥­', 6, 4, 1, 12, 0.48, NULL, '[{"id":"26","cousine_id":"19","name":"fan with egg","name_zh":"\\u86cb\\u7092\\u996d","price":"6","status":"A","created":"2016-07-13 11:22:12"},{"id":"27","cousine_id":"19","name":"mixed rice","name_zh":"\\u626c\\u5dde\\u7092\\u996d","price":"10","status":"A","created":"2016-07-13 11:23:14"}]', NULL, 'N', '2016-07-13 14:09:58'),
	(449, 45, 19, 'Rice', 'é¥­', 6, 4, 1, 12, 0.48, NULL, '[{"id":"26","cousine_id":"19","name":"fan with egg","name_zh":"\\u86cb\\u7092\\u996d","price":"6","status":"A","created":"2016-07-13 11:22:12"},{"id":"27","cousine_id":"19","name":"mixed rice","name_zh":"\\u626c\\u5dde\\u7092\\u996d","price":"10","status":"A","created":"2016-07-13 11:23:14"}]', NULL, 'N', '2016-07-13 14:09:59'),
	(452, 75, 11, 'Cart noodle', 'è½¦ä»”é¢', 5, 5, 1, 12, 0, NULL, '[{"id":"20","cousine_id":"11","name":"Mild","name_zh":null,"price":"0","status":"A","created":"2016-07-01 11:22:48"},{"id":"21","cousine_id":"11","name":"Extra Spicy ","name_zh":null,"price":"0.99","status":"A","created":"2016-07-01 11:23:07"},{"id":"22","cousine_id":"11","name":"Non-Garlic ","name_zh":null,"price":"0.5","status":"A","created":"2016-07-01 11:23:22"},{"id":"23","cousine_id":"11","name":"Duck Blood","name_zh":null,"price":"1","status":"A","created":"2016-07-01 11:23:35"},{"id":"24","cousine_id":"11","name":"Toufu _duck","name_zh":null,"price":"0.7","status":"A","created":"2016-07-01 11:23:53"},{"id":"25","cousine_id":"11","name":"Extra Soup","name_zh":null,"price":"0.9","status":"A","created":"2016-07-01 11:24:07"}]', NULL, 'N', '2016-07-13 14:12:27'),
	(453, 77, 11, 'Cart noodle', 'è½¦ä»”é¢', 5, 5, 1, 12, 0, NULL, '[{"id":"20","cousine_id":"11","name":"Mild","name_zh":null,"price":"0","status":"A","created":"2016-07-01 11:22:48"},{"id":"21","cousine_id":"11","name":"Extra Spicy ","name_zh":null,"price":"0.99","status":"A","created":"2016-07-01 11:23:07"},{"id":"22","cousine_id":"11","name":"Non-Garlic ","name_zh":null,"price":"0.5","status":"A","created":"2016-07-01 11:23:22"},{"id":"23","cousine_id":"11","name":"Duck Blood","name_zh":null,"price":"1","status":"A","created":"2016-07-01 11:23:35"},{"id":"24","cousine_id":"11","name":"Toufu _duck","name_zh":null,"price":"0.7","status":"A","created":"2016-07-01 11:23:53"},{"id":"25","cousine_id":"11","name":"Extra Soup","name_zh":null,"price":"0.9","status":"A","created":"2016-07-01 11:24:07"}]', NULL, 'Y', '2016-07-13 14:16:30'),
	(454, 77, 15, 'Fried noodles', 'ç‚’é¢', 5, 5, 1, 12, 0, NULL, '', NULL, 'Y', '2016-07-13 14:16:30'),
	(455, 77, 17, 'Samosa', 'å’–å–±è§’', 6, 2, 1, 12, 0, NULL, '', NULL, 'N', '2016-07-13 14:16:30'),
	(456, 78, 14, 'Fideo', 'Fideo', 5, 3, 1, 12, 0, NULL, '', NULL, 'N', '2016-07-13 14:19:48'),
	(457, 78, 13, 'Cup Noodles', 'æ¯é¢', 5, 2.76, 1, 12, 0, NULL, '', NULL, 'N', '2016-07-13 14:19:48'),
	(458, 78, 13, 'Cup Noodles', 'æ¯é¢', 5, 2.76, 1, 12, 0, NULL, '', NULL, 'N', '2016-07-13 14:19:50'),
	(459, 78, 15, 'Fried noodles', 'ç‚’é¢', 5, 5, 1, 12, 0, NULL, '', NULL, 'N', '2016-07-13 14:19:50'),
	(460, 78, 17, 'Samosa', 'å’–å–±è§’', 6, 2, 1, 12, 0, NULL, '', NULL, 'N', '2016-07-13 14:19:51'),
	(461, 75, 11, 'Cart noodle', 'è½¦ä»”é¢', 5, 5, 1, 12, 0, NULL, '[{"id":"20","cousine_id":"11","name":"Mild","name_zh":null,"price":"0","status":"A","created":"2016-07-01 11:22:48"},{"id":"21","cousine_id":"11","name":"Extra Spicy ","name_zh":null,"price":"0.99","status":"A","created":"2016-07-01 11:23:07"},{"id":"22","cousine_id":"11","name":"Non-Garlic ","name_zh":null,"price":"0.5","status":"A","created":"2016-07-01 11:23:22"},{"id":"23","cousine_id":"11","name":"Duck Blood","name_zh":null,"price":"1","status":"A","created":"2016-07-01 11:23:35"},{"id":"24","cousine_id":"11","name":"Toufu _duck","name_zh":null,"price":"0.7","status":"A","created":"2016-07-01 11:23:53"},{"id":"25","cousine_id":"11","name":"Extra Soup","name_zh":null,"price":"0.9","status":"A","created":"2016-07-01 11:24:07"}]', NULL, 'Y', '2016-07-13 14:30:26'),
	(463, 75, 15, 'Fried noodles', 'ç‚’é¢', 5, 5, 1, 12, 0, NULL, '', NULL, 'Y', '2016-07-13 14:30:27'),
	(464, 75, 17, 'Samosa', 'å’–å–±è§’', 6, 2, 1, 12, 0, NULL, '', NULL, 'N', '2016-07-13 14:30:27'),
	(465, 75, 17, 'Samosa', 'å’–å–±è§’', 6, 2, 1, 12, 0, NULL, '', NULL, 'N', '2016-07-13 14:30:27'),
	(466, 75, 17, 'Samosa', 'å’–å–±è§’', 6, 2, 1, 12, 0, NULL, '', NULL, 'N', '2016-07-13 14:30:27'),
	(467, 75, 13, 'Cup Noodles', 'æ¯é¢', 5, 2.76, 1, 12, 0, NULL, '', NULL, 'Y', '2016-07-13 14:30:48'),
	(468, 75, 17, 'Samosa', 'å’–å–±è§’', 6, 2, 1, 12, 0, NULL, '', NULL, 'N', '2016-07-13 14:30:48'),
	(469, 54, 15, 'Fried noodles', 'ç‚’é¢', 5, 5, 1, 12, 0, NULL, '', NULL, 'Y', '2016-07-13 14:37:05'),
	(470, 54, 17, 'Samosa', 'å’–å–±è§’', 6, 2, 1, 12, 0, NULL, '', NULL, 'N', '2016-07-13 14:37:06'),
	(471, 54, 19, 'Rice', 'é¥­', 6, 4, 1, 12, 0.48, NULL, '[{"id":"26","cousine_id":"19","name":"fan with egg","name_zh":"\\u86cb\\u7092\\u996d","price":"6","status":"A","created":"2016-07-13 11:22:12"},{"id":"27","cousine_id":"19","name":"mixed rice","name_zh":"\\u626c\\u5dde\\u7092\\u996d","price":"10","status":"A","created":"2016-07-13 11:23:14"}]', NULL, 'N', '2016-07-13 14:37:06'),
	(472, 54, 13, 'Cup Noodles', 'æ¯é¢', 5, 2.76, 1, 12, 0, NULL, '', NULL, 'N', '2016-07-13 14:37:06'),
	(473, 79, 11, 'Cart noodle', 'è½¦ä»”é¢', 5, 5, 1, 12, 0, NULL, '[{"id":"20","cousine_id":"11","name":"Mild","name_zh":null,"price":"0","status":"A","created":"2016-07-01 11:22:48"},{"id":"21","cousine_id":"11","name":"Extra Spicy ","name_zh":null,"price":"0.99","status":"A","created":"2016-07-01 11:23:07"},{"id":"22","cousine_id":"11","name":"Non-Garlic ","name_zh":null,"price":"0.5","status":"A","created":"2016-07-01 11:23:22"},{"id":"23","cousine_id":"11","name":"Duck Blood","name_zh":null,"price":"1","status":"A","created":"2016-07-01 11:23:35"},{"id":"24","cousine_id":"11","name":"Toufu _duck","name_zh":null,"price":"0.7","status":"A","created":"2016-07-01 11:23:53"},{"id":"25","cousine_id":"11","name":"Extra Soup","name_zh":null,"price":"0.9","status":"A","created":"2016-07-01 11:24:07"}]', NULL, 'N', '2016-07-13 15:02:41'),
	(474, 79, 15, 'Fried noodles', 'ç‚’é¢', 5, 5, 1, 12, 0, NULL, '', NULL, 'N', '2016-07-13 15:02:41'),
	(475, 79, 17, 'Samosa', 'å’–å–±è§’', 6, 2, 1, 12, 0, NULL, '', NULL, 'N', '2016-07-13 15:02:41'),
	(476, 79, 19, 'Rice', 'é¥­', 6, 4, 1, 12, 0.48, NULL, '[{"id":"26","cousine_id":"19","name":"fan with egg","name_zh":"\\u86cb\\u7092\\u996d","price":"6","status":"A","created":"2016-07-13 11:22:12"},{"id":"27","cousine_id":"19","name":"mixed rice","name_zh":"\\u626c\\u5dde\\u7092\\u996d","price":"10","status":"A","created":"2016-07-13 11:23:14"}]', NULL, 'N', '2016-07-13 15:02:42'),
	(477, 79, 13, 'Cup Noodles', 'æ¯é¢', 5, 2.76, 1, 12, 0, NULL, '', NULL, 'N', '2016-07-13 15:02:42'),
	(500, 80, 12, 'Couscous', 'åº“æ–¯åº“æ–¯', 5, 7, 1, 12, 0, NULL, '', NULL, 'N', '2016-07-13 15:20:34'),
	(501, 80, 17, 'Samosa', 'å’–å–±è§’', 6, 2, 1, 12, 0, NULL, '', NULL, 'N', '2016-07-13 15:20:34'),
	(502, 80, 15, 'Fried noodles', 'ç‚’é¢', 5, 5, 1, 12, 0, NULL, '', NULL, 'N', '2016-07-13 15:20:35'),
	(503, 80, 13, 'Cup Noodles', 'æ¯é¢', 5, 2.76, 1, 12, 0, NULL, '', NULL, 'N', '2016-07-13 15:20:35'),
	(504, 80, 14, 'Fideo', 'Fideo', 5, 3, 1, 12, 0, NULL, '', NULL, 'N', '2016-07-13 15:20:35'),
	(505, 80, 19, 'Rice', 'é¥­', 6, 4, 1, 12, 0.48, NULL, '[{"id":"26","cousine_id":"19","name":"fan with egg","name_zh":"\\u86cb\\u7092\\u996d","price":"6","status":"A","created":"2016-07-13 11:22:12"},{"id":"27","cousine_id":"19","name":"mixed rice","name_zh":"\\u626c\\u5dde\\u7092\\u996d","price":"10","status":"A","created":"2016-07-13 11:23:14"}]', NULL, 'N', '2016-07-13 15:20:36'),
	(506, 80, 25, 'D6', 'èœ6', 9, 5, 1, 12, 0.6, NULL, '', NULL, 'N', '2016-07-13 15:20:36'),
	(507, 80, 21, 'dish2', 'èœ2', 9, 9.8, 1, 12, 0, NULL, '', NULL, 'N', '2016-07-13 15:20:37'),
	(508, 79, 11, 'Cart noodle', 'è½¦ä»”é¢', 5, 5, 1, 12, 0, NULL, '[{"id":"20","cousine_id":"11","name":"Mild","name_zh":null,"price":"0","status":"A","created":"2016-07-01 11:22:48"},{"id":"21","cousine_id":"11","name":"Extra Spicy ","name_zh":null,"price":"0.99","status":"A","created":"2016-07-01 11:23:07"},{"id":"22","cousine_id":"11","name":"Non-Garlic ","name_zh":null,"price":"0.5","status":"A","created":"2016-07-01 11:23:22"},{"id":"23","cousine_id":"11","name":"Duck Blood","name_zh":null,"price":"1","status":"A","created":"2016-07-01 11:23:35"},{"id":"24","cousine_id":"11","name":"Toufu _duck","name_zh":null,"price":"0.7","status":"A","created":"2016-07-01 11:23:53"},{"id":"25","cousine_id":"11","name":"Extra Soup","name_zh":null,"price":"0.9","status":"A","created":"2016-07-01 11:24:07"}]', NULL, 'N', '2016-07-13 15:49:49'),
	(509, 79, 11, 'Cart noodle', 'è½¦ä»”é¢', 5, 5, 1, 12, 0, NULL, '[{"id":"20","cousine_id":"11","name":"Mild","name_zh":null,"price":"0","status":"A","created":"2016-07-01 11:22:48"},{"id":"21","cousine_id":"11","name":"Extra Spicy ","name_zh":null,"price":"0.99","status":"A","created":"2016-07-01 11:23:07"},{"id":"22","cousine_id":"11","name":"Non-Garlic ","name_zh":null,"price":"0.5","status":"A","created":"2016-07-01 11:23:22"},{"id":"23","cousine_id":"11","name":"Duck Blood","name_zh":null,"price":"1","status":"A","created":"2016-07-01 11:23:35"},{"id":"24","cousine_id":"11","name":"Toufu _duck","name_zh":null,"price":"0.7","status":"A","created":"2016-07-01 11:23:53"},{"id":"25","cousine_id":"11","name":"Extra Soup","name_zh":null,"price":"0.9","status":"A","created":"2016-07-01 11:24:07"}]', NULL, 'N', '2016-07-13 15:50:00'),
	(510, 79, 11, 'Cart noodle', 'è½¦ä»”é¢', 5, 5, 1, 12, 0, NULL, '[{"id":"20","cousine_id":"11","name":"Mild","name_zh":null,"price":"0","status":"A","created":"2016-07-01 11:22:48"},{"id":"21","cousine_id":"11","name":"Extra Spicy ","name_zh":null,"price":"0.99","status":"A","created":"2016-07-01 11:23:07"},{"id":"22","cousine_id":"11","name":"Non-Garlic ","name_zh":null,"price":"0.5","status":"A","created":"2016-07-01 11:23:22"},{"id":"23","cousine_id":"11","name":"Duck Blood","name_zh":null,"price":"1","status":"A","created":"2016-07-01 11:23:35"},{"id":"24","cousine_id":"11","name":"Toufu _duck","name_zh":null,"price":"0.7","status":"A","created":"2016-07-01 11:23:53"},{"id":"25","cousine_id":"11","name":"Extra Soup","name_zh":null,"price":"0.9","status":"A","created":"2016-07-01 11:24:07"}]', NULL, 'N', '2016-07-13 15:50:11'),
	(511, 79, 11, 'Cart noodle', 'è½¦ä»”é¢', 5, 5, 1, 12, 0, NULL, '[{"id":"20","cousine_id":"11","name":"Mild","name_zh":null,"price":"0","status":"A","created":"2016-07-01 11:22:48"},{"id":"21","cousine_id":"11","name":"Extra Spicy ","name_zh":null,"price":"0.99","status":"A","created":"2016-07-01 11:23:07"},{"id":"22","cousine_id":"11","name":"Non-Garlic ","name_zh":null,"price":"0.5","status":"A","created":"2016-07-01 11:23:22"},{"id":"23","cousine_id":"11","name":"Duck Blood","name_zh":null,"price":"1","status":"A","created":"2016-07-01 11:23:35"},{"id":"24","cousine_id":"11","name":"Toufu _duck","name_zh":null,"price":"0.7","status":"A","created":"2016-07-01 11:23:53"},{"id":"25","cousine_id":"11","name":"Extra Soup","name_zh":null,"price":"0.9","status":"A","created":"2016-07-01 11:24:07"}]', NULL, 'N', '2016-07-13 15:50:46'),
	(512, 79, 11, 'Cart noodle', 'è½¦ä»”é¢', 5, 5, 1, 12, 0, NULL, '[{"id":"20","cousine_id":"11","name":"Mild","name_zh":null,"price":"0","status":"A","created":"2016-07-01 11:22:48"},{"id":"21","cousine_id":"11","name":"Extra Spicy ","name_zh":null,"price":"0.99","status":"A","created":"2016-07-01 11:23:07"},{"id":"22","cousine_id":"11","name":"Non-Garlic ","name_zh":null,"price":"0.5","status":"A","created":"2016-07-01 11:23:22"},{"id":"23","cousine_id":"11","name":"Duck Blood","name_zh":null,"price":"1","status":"A","created":"2016-07-01 11:23:35"},{"id":"24","cousine_id":"11","name":"Toufu _duck","name_zh":null,"price":"0.7","status":"A","created":"2016-07-01 11:23:53"},{"id":"25","cousine_id":"11","name":"Extra Soup","name_zh":null,"price":"0.9","status":"A","created":"2016-07-01 11:24:07"}]', NULL, 'N', '2016-07-13 15:50:49'),
	(513, 79, 11, 'Cart noodle', 'è½¦ä»”é¢', 5, 5, 1, 12, 0, NULL, '[{"id":"20","cousine_id":"11","name":"Mild","name_zh":null,"price":"0","status":"A","created":"2016-07-01 11:22:48"},{"id":"21","cousine_id":"11","name":"Extra Spicy ","name_zh":null,"price":"0.99","status":"A","created":"2016-07-01 11:23:07"},{"id":"22","cousine_id":"11","name":"Non-Garlic ","name_zh":null,"price":"0.5","status":"A","created":"2016-07-01 11:23:22"},{"id":"23","cousine_id":"11","name":"Duck Blood","name_zh":null,"price":"1","status":"A","created":"2016-07-01 11:23:35"},{"id":"24","cousine_id":"11","name":"Toufu _duck","name_zh":null,"price":"0.7","status":"A","created":"2016-07-01 11:23:53"},{"id":"25","cousine_id":"11","name":"Extra Soup","name_zh":null,"price":"0.9","status":"A","created":"2016-07-01 11:24:07"}]', NULL, 'N', '2016-07-13 15:51:17'),
	(514, 79, 13, 'Cup Noodles', 'æ¯é¢', 5, 2.76, 1, 12, 0, NULL, '', NULL, 'N', '2016-07-13 15:51:37'),
	(516, 79, 13, 'Cup Noodles', 'æ¯é¢', 5, 2.76, 1, 12, 0, NULL, '', NULL, 'N', '2016-07-13 15:55:49'),
	(523, 81, 20, 'dish1', 'èœ1', 8, -5, 1, 12, -0.6, NULL, '', NULL, 'N', '2016-07-13 15:59:57'),
	(526, 81, 19, 'Rice', 'é¥­', 6, 4, 1, 12, 0.48, NULL, '[{"id":"26","cousine_id":"19","name":"fan with egg","name_zh":"\\u86cb\\u7092\\u996d","price":"6","status":"A","created":"2016-07-13 11:22:12"},{"id":"27","cousine_id":"19","name":"mixed rice","name_zh":"\\u626c\\u5dde\\u7092\\u996d","price":"10","status":"A","created":"2016-07-13 11:23:14"}]', NULL, 'N', '2016-07-13 16:00:13'),
	(527, 82, 10, 'Black noodles', 'é»‘é¢', 5, 5.77, 1, 12, 0.6924, NULL, '[{"id":"16","cousine_id":"10","name":"Extra1","name_zh":null,"price":"1","status":"A","created":"2016-07-01 11:21:31"},{"id":"17","cousine_id":"10","name":"Extra2","name_zh":null,"price":"2","status":"A","created":"2016-07-01 11:21:42"},{"id":"18","cousine_id":"10","name":"Extra 5","name_zh":"\\u996d","price":"1","status":"A","created":"2016-07-01 11:21:56"},{"id":"19","cousine_id":"10","name":"Extra 4","name_zh":null,"price":"0","status":"A","created":"2016-07-01 11:22:11"}]', NULL, 'N', '2016-07-13 16:39:39'),
	(528, 82, 11, 'Cart noodle', 'è½¦ä»”é¢', 5, 5, 1, 12, 0.6, NULL, '[{"id":"20","cousine_id":"11","name":"Mild","name_zh":null,"price":"0","status":"A","created":"2016-07-01 11:22:48"},{"id":"21","cousine_id":"11","name":"Extra Spicy ","name_zh":null,"price":"0.99","status":"A","created":"2016-07-01 11:23:07"},{"id":"22","cousine_id":"11","name":"Non-Garlic ","name_zh":null,"price":"0.5","status":"A","created":"2016-07-01 11:23:22"},{"id":"23","cousine_id":"11","name":"Duck Blood","name_zh":null,"price":"1","status":"A","created":"2016-07-01 11:23:35"},{"id":"24","cousine_id":"11","name":"Toufu _duck","name_zh":null,"price":"0.7","status":"A","created":"2016-07-01 11:23:53"},{"id":"25","cousine_id":"11","name":"Extra Soup","name_zh":null,"price":"0.9","status":"A","created":"2016-07-01 11:24:07"}]', NULL, 'N', '2016-07-13 16:39:39'),
	(529, 82, 12, 'Couscous', 'åº“æ–¯åº“æ–¯', 5, 7, 1, 12, 0, NULL, '', NULL, 'N', '2016-07-13 16:39:40'),
	(530, 82, 18, 'Veg Momos', 'è”¬èœèŽ«èŽ«', 6, 1.5, 1, 12, 0, NULL, '', NULL, 'N', '2016-07-13 16:39:42'),
	(531, 82, 19, 'Rice', 'é¥­', 6, 4, 1, 12, 0.48, NULL, '[{"id":"26","cousine_id":"19","name":"fan with egg","name_zh":"\\u86cb\\u7092\\u996d","price":"6","status":"A","created":"2016-07-13 11:22:12"},{"id":"27","cousine_id":"19","name":"mixed rice","name_zh":"\\u626c\\u5dde\\u7092\\u996d","price":"10","status":"A","created":"2016-07-13 11:23:14"}]', NULL, 'N', '2016-07-13 16:39:42'),
	(532, 82, 28, 'D9', 'èœ9', 6, 15, 1, 12, 0, NULL, '', NULL, 'N', '2016-07-13 16:39:43'),
	(533, 82, 24, 'D5', 'èœ5', 7, 10, 1, 12, 1.2, NULL, '', NULL, 'N', '2016-07-13 16:39:44'),
	(534, 82, 26, 'D7', 'èœ7', 7, 10, 1, 12, 1.2, NULL, '', NULL, 'N', '2016-07-13 16:39:45'),
	(535, 82, 33, '99', 'abc', 7, 33, 1, 12, 3.96, NULL, '', NULL, 'N', '2016-07-13 16:39:45'),
	(536, 82, 20, 'dish1', 'èœ1', 8, -5, 1, 12, -0.6, NULL, '', NULL, 'N', '2016-07-13 16:39:46'),
	(537, 82, 21, 'dish2', 'èœ2', 9, 9.8, 1, 12, 0, NULL, '', NULL, 'N', '2016-07-13 16:39:48'),
	(538, 82, 22, 'dish3', 'cai3', 9, 99999, 1, 12, 11999.9, NULL, '', NULL, 'N', '2016-07-13 16:39:48'),
	(539, 82, 25, 'D6', 'èœ6', 9, 5, 1, 12, 0.6, NULL, '', NULL, 'N', '2016-07-13 16:39:49'),
	(540, 82, 33, '99', 'abc', 7, 33, 1, 12, 3.96, NULL, '', NULL, 'N', '2016-07-13 16:55:25'),
	(541, 83, 16, 'Frozen noodles', 'å†·å†»é¢æ¡', 5, 6, 1, 12, 0, NULL, '', NULL, 'N', '2016-07-13 17:03:32'),
	(542, 83, 13, 'Cup Noodles', 'æ¯é¢', 5, 2.76, 1, 12, 0, NULL, '', NULL, 'N', '2016-07-13 17:03:32'),
	(543, 83, 14, 'Fideo', 'Fideo', 5, 3, 1, 12, 0, NULL, '', NULL, 'N', '2016-07-13 17:03:32'),
	(544, 83, 19, 'Rice', 'é¥­', 6, 4, 1, 12, 0.48, NULL, '[{"id":"26","cousine_id":"19","name":"fan with egg","name_zh":"\\u86cb\\u7092\\u996d","price":"6","status":"A","created":"2016-07-13 11:22:12"},{"id":"27","cousine_id":"19","name":"mixed rice","name_zh":"\\u626c\\u5dde\\u7092\\u996d","price":"10","status":"A","created":"2016-07-13 11:23:14"}]', NULL, 'N', '2016-07-13 17:03:32'),
	(545, 83, 36, 'D16', 'èœ16', 7, 40, 1, 12, 4.8, NULL, '', NULL, 'N', '2016-07-13 17:03:33'),
	(546, 83, 14, 'Fideo', 'Fideo', 5, 3, 1, 12, 0, NULL, '', NULL, 'N', '2016-07-13 17:03:33'),
	(547, 83, 10, 'Black noodles', 'é»‘é¢', 5, 5.77, 1, 12, 0.6924, NULL, '[{"id":"16","cousine_id":"10","name":"Extra1","name_zh":null,"price":"1","status":"A","created":"2016-07-01 11:21:31"},{"id":"17","cousine_id":"10","name":"Extra2","name_zh":null,"price":"2","status":"A","created":"2016-07-01 11:21:42"},{"id":"18","cousine_id":"10","name":"Extra 5","name_zh":"\\u996d","price":"1","status":"A","created":"2016-07-01 11:21:56"},{"id":"19","cousine_id":"10","name":"Extra 4","name_zh":null,"price":"0","status":"A","created":"2016-07-01 11:22:11"}]', NULL, 'N', '2016-07-13 17:03:33'),
	(548, 83, 36, 'D16', 'èœ16', 7, 40, 1, 12, 4.8, NULL, '', NULL, 'N', '2016-07-13 17:03:33'),
	(549, 83, 11, 'Cart noodle', 'è½¦ä»”é¢', 5, 5, 1, 12, 0.6, NULL, '[{"id":"20","cousine_id":"11","name":"Mild","name_zh":null,"price":"0","status":"A","created":"2016-07-01 11:22:48"},{"id":"21","cousine_id":"11","name":"Extra Spicy ","name_zh":null,"price":"0.99","status":"A","created":"2016-07-01 11:23:07"},{"id":"22","cousine_id":"11","name":"Non-Garlic ","name_zh":null,"price":"0.5","status":"A","created":"2016-07-01 11:23:22"},{"id":"23","cousine_id":"11","name":"Duck Blood","name_zh":null,"price":"1","status":"A","created":"2016-07-01 11:23:35"},{"id":"24","cousine_id":"11","name":"Toufu _duck","name_zh":null,"price":"0.7","status":"A","created":"2016-07-01 11:23:53"},{"id":"25","cousine_id":"11","name":"Extra Soup","name_zh":null,"price":"0.9","status":"A","created":"2016-07-01 11:24:07"}]', NULL, 'N', '2016-07-13 17:03:34'),
	(550, 83, 15, 'Fried noodles', 'ç‚’é¢', 5, 5, 1, 12, 0, NULL, '', NULL, 'N', '2016-07-13 17:03:34'),
	(551, 83, 19, 'Rice', 'é¥­', 6, 4, 1, 12, 0.48, NULL, '[{"id":"26","cousine_id":"19","name":"fan with egg","name_zh":"\\u86cb\\u7092\\u996d","price":"6","status":"A","created":"2016-07-13 11:22:12"},{"id":"27","cousine_id":"19","name":"mixed rice","name_zh":"\\u626c\\u5dde\\u7092\\u996d","price":"10","status":"A","created":"2016-07-13 11:23:14"}]', NULL, 'N', '2016-07-13 17:03:34'),
	(552, 80, 16, 'Frozen noodles', 'å†·å†»é¢æ¡', 5, 6, 1, 12, 0, NULL, '', NULL, 'N', '2016-07-13 17:04:04'),
	(553, 80, 16, 'Frozen noodles', 'å†·å†»é¢æ¡', 5, 6, 1, 12, 0, NULL, '', NULL, 'N', '2016-07-13 17:04:04'),
	(554, 80, 22, 'dish3', 'cai3', 9, 99999, 1, 12, 11999.9, NULL, '', NULL, 'N', '2016-07-13 17:04:21'),
	(555, 84, 11, 'Cart noodle', 'è½¦ä»”é¢', 5, 5, 1, 12, 0.6, NULL, '[{"id":"20","cousine_id":"11","name":"Mild","name_zh":null,"price":"0","status":"A","created":"2016-07-01 11:22:48"},{"id":"21","cousine_id":"11","name":"Extra Spicy ","name_zh":null,"price":"0.99","status":"A","created":"2016-07-01 11:23:07"},{"id":"22","cousine_id":"11","name":"Non-Garlic ","name_zh":null,"price":"0.5","status":"A","created":"2016-07-01 11:23:22"},{"id":"23","cousine_id":"11","name":"Duck Blood","name_zh":null,"price":"1","status":"A","created":"2016-07-01 11:23:35"},{"id":"24","cousine_id":"11","name":"Toufu _duck","name_zh":null,"price":"0.7","status":"A","created":"2016-07-01 11:23:53"},{"id":"25","cousine_id":"11","name":"Extra Soup","name_zh":null,"price":"0.9","status":"A","created":"2016-07-01 11:24:07"}]', NULL, 'N', '2016-09-16 05:37:28'),
	(556, 84, 15, 'Fried noodles', 'ç‚’é¢', 5, 5, 1, 12, 0, NULL, '', NULL, 'N', '2016-09-16 05:37:30'),
	(557, 85, 28, 'D9', 'èœ9', 6, 15, 1, 12, 0, NULL, '', NULL, 'Y', '2016-09-16 06:12:48'),
	(558, 85, 27, 'D8', 'èœ8', 9, 10, 1, 12, 1.2, NULL, '', NULL, 'Y', '2016-09-16 06:12:50'),
	(559, 85, 37, 'D17', 'èœ17', 5, 8, 1, 12, 0.96, NULL, '', NULL, 'Y', '2016-09-16 06:12:52'),
	(560, 86, 16, 'Frozen noodles', 'å†·å†»é¢æ¡', 5, 6, 1, 12, 0, NULL, '', NULL, 'Y', '2016-09-16 08:14:20'),
	(561, 86, 15, 'Fried noodles', 'ç‚’é¢', 5, 5, 1, 12, 0, NULL, '', NULL, 'Y', '2016-09-16 08:14:22'),
	(562, 87, 11, 'Cart noodle', 'è½¦ä»”é¢', 5, 5, 1, 12, 0.6, NULL, '[{"id":"20","cousine_id":"11","name":"Mild","name_zh":null,"price":"0","status":"A","created":"2016-07-01 11:22:48"},{"id":"21","cousine_id":"11","name":"Extra Spicy ","name_zh":null,"price":"0.99","status":"A","created":"2016-07-01 11:23:07"},{"id":"22","cousine_id":"11","name":"Non-Garlic ","name_zh":null,"price":"0.5","status":"A","created":"2016-07-01 11:23:22"},{"id":"23","cousine_id":"11","name":"Duck Blood","name_zh":null,"price":"1","status":"A","created":"2016-07-01 11:23:35"},{"id":"24","cousine_id":"11","name":"Toufu _duck","name_zh":null,"price":"0.7","status":"A","created":"2016-07-01 11:23:53"},{"id":"25","cousine_id":"11","name":"Extra Soup","name_zh":null,"price":"0.9","status":"A","created":"2016-07-01 11:24:07"}]', NULL, 'Y', '2016-09-16 08:14:51'),
	(563, 87, 15, 'Fried noodles', 'ç‚’é¢', 5, 5, 1, 12, 0, NULL, '', NULL, 'Y', '2016-09-16 08:14:55'),
	(564, 88, 18, 'Veg Momos', 'è”¬èœèŽ«èŽ«', 6, 1.5, 1, 12, 0, NULL, '', NULL, 'Y', '2016-09-16 08:25:55'),
	(565, 89, 11, 'Cart noodle', 'è½¦ä»”é¢', 5, 5, 1, 12, 0.6, NULL, '[{"id":"20","cousine_id":"11","name":"Mild","name_zh":null,"price":"0","status":"A","created":"2016-07-01 11:22:48"},{"id":"21","cousine_id":"11","name":"Extra Spicy ","name_zh":null,"price":"0.99","status":"A","created":"2016-07-01 11:23:07"},{"id":"22","cousine_id":"11","name":"Non-Garlic ","name_zh":null,"price":"0.5","status":"A","created":"2016-07-01 11:23:22"},{"id":"23","cousine_id":"11","name":"Duck Blood","name_zh":null,"price":"1","status":"A","created":"2016-07-01 11:23:35"},{"id":"24","cousine_id":"11","name":"Toufu _duck","name_zh":null,"price":"0.7","status":"A","created":"2016-07-01 11:23:53"},{"id":"25","cousine_id":"11","name":"Extra Soup","name_zh":null,"price":"0.9","status":"A","created":"2016-07-01 11:24:07"}]', NULL, 'Y', '2016-09-16 08:27:14'),
	(566, 90, 11, 'Cart noodle', 'è½¦ä»”é¢', 5, 5, 1, 12, 0.6, NULL, '[{"id":"20","cousine_id":"11","name":"Mild","name_zh":null,"price":"0","status":"A","created":"2016-07-01 11:22:48"},{"id":"21","cousine_id":"11","name":"Extra Spicy ","name_zh":null,"price":"0.99","status":"A","created":"2016-07-01 11:23:07"},{"id":"22","cousine_id":"11","name":"Non-Garlic ","name_zh":null,"price":"0.5","status":"A","created":"2016-07-01 11:23:22"},{"id":"23","cousine_id":"11","name":"Duck Blood","name_zh":null,"price":"1","status":"A","created":"2016-07-01 11:23:35"},{"id":"24","cousine_id":"11","name":"Toufu _duck","name_zh":null,"price":"0.7","status":"A","created":"2016-07-01 11:23:53"},{"id":"25","cousine_id":"11","name":"Extra Soup","name_zh":null,"price":"0.9","status":"A","created":"2016-07-01 11:24:07"}]', NULL, 'Y', '2016-09-17 04:48:36'),
	(567, 90, 15, 'Fried noodles', 'ç‚’é¢', 5, 5, 1, 12, 0, NULL, '', NULL, 'Y', '2016-09-17 04:48:39'),
	(568, 90, 24, 'D5', 'èœ5', 7, 10, 1, 12, 1.2, NULL, '', NULL, 'Y', '2016-09-17 04:50:16'),
	(569, 91, 11, 'Cart noodle', 'è½¦ä»”é¢', 5, 5, 1, 12, 0.6, NULL, '[{"id":"20","cousine_id":"11","name":"Mild","name_zh":null,"price":"0","status":"A","created":"2016-07-01 11:22:48"},{"id":"21","cousine_id":"11","name":"Extra Spicy ","name_zh":null,"price":"0.99","status":"A","created":"2016-07-01 11:23:07"},{"id":"22","cousine_id":"11","name":"Non-Garlic ","name_zh":null,"price":"0.5","status":"A","created":"2016-07-01 11:23:22"},{"id":"23","cousine_id":"11","name":"Duck Blood","name_zh":null,"price":"1","status":"A","created":"2016-07-01 11:23:35"},{"id":"24","cousine_id":"11","name":"Toufu _duck","name_zh":null,"price":"0.7","status":"A","created":"2016-07-01 11:23:53"},{"id":"25","cousine_id":"11","name":"Extra Soup","name_zh":null,"price":"0.9","status":"A","created":"2016-07-01 11:24:07"}]', NULL, 'Y', '2016-09-20 05:40:11'),
	(570, 91, 15, 'Fried noodles', 'ç‚’é¢', 5, 5, 1, 12, 0, NULL, '', NULL, 'Y', '2016-09-20 05:40:13'),
	(571, 91, 17, 'Samosa', 'å’–å–±è§’', 6, 2, 1, 12, 0, NULL, '', NULL, 'Y', '2016-09-20 05:40:31'),
	(572, 92, 39, 'D19', 'èœ19', 9, 50, 1, 12, 6, NULL, '', NULL, 'Y', '2016-09-20 05:42:12'),
	(573, 92, 39, 'D19', 'èœ19', 9, 50, 1, 12, 6, NULL, '', NULL, 'Y', '2016-09-20 05:42:15'),
	(574, 93, 16, 'Frozen noodles', 'å†·å†»é¢æ¡', 5, 6, 1, 12, 0, NULL, '', NULL, 'Y', '2016-09-20 05:45:17'),
	(575, 93, 15, 'Fried noodles', 'ç‚’é¢', 5, 5, 1, 12, 0, NULL, '', NULL, 'Y', '2016-09-20 05:45:19'),
	(576, 93, 10, 'Black noodles', 'é»‘é¢', 5, 5.77, 1, 12, 0.6924, NULL, '[{"id":"16","cousine_id":"10","name":"Extra1","name_zh":null,"price":"1","status":"A","created":"2016-07-01 11:21:31"},{"id":"17","cousine_id":"10","name":"Extra2","name_zh":null,"price":"2","status":"A","created":"2016-07-01 11:21:42"},{"id":"18","cousine_id":"10","name":"Extra 5","name_zh":"\\u996d","price":"1","status":"A","created":"2016-07-01 11:21:56"},{"id":"19","cousine_id":"10","name":"Extra 4","name_zh":null,"price":"0","status":"A","created":"2016-07-01 11:22:11"}]', NULL, 'Y', '2016-09-20 05:45:25'),
	(578, 93, 24, 'D5', 'èœ5', 7, 10, 1, 12, 1.2, NULL, '', NULL, 'N', '2016-09-20 05:45:29'),
	(580, 92, 11, 'Cart noodle', 'è½¦ä»”é¢', 5, 5, 1, 12, 0.6, NULL, '[{"id":"20","cousine_id":"11","name":"Mild","name_zh":null,"price":"0","status":"A","created":"2016-07-01 11:22:48"},{"id":"21","cousine_id":"11","name":"Extra Spicy ","name_zh":null,"price":"0.99","status":"A","created":"2016-07-01 11:23:07"},{"id":"22","cousine_id":"11","name":"Non-Garlic ","name_zh":null,"price":"0.5","status":"A","created":"2016-07-01 11:23:22"},{"id":"23","cousine_id":"11","name":"Duck Blood","name_zh":null,"price":"1","status":"A","created":"2016-07-01 11:23:35"},{"id":"24","cousine_id":"11","name":"Toufu _duck","name_zh":null,"price":"0.7","status":"A","created":"2016-07-01 11:23:53"},{"id":"25","cousine_id":"11","name":"Extra Soup","name_zh":null,"price":"0.9","status":"A","created":"2016-07-01 11:24:07"}]', NULL, 'Y', '2016-09-20 07:01:50'),
	(581, 92, 17, 'Samosa', 'å’–å–±è§’', 6, 2, 1, 12, 0, NULL, '', NULL, 'Y', '2016-09-20 08:06:04'),
	(582, 92, 17, 'Samosa', 'å’–å–±è§’', 6, 2, 1, 12, 0, NULL, '', NULL, 'Y', '2016-09-20 08:06:10'),
	(586, 93, 10, 'Black noodles', 'é»‘é¢', 5, 5.77, 1, 12, 0.6924, NULL, '[{"id":"16","cousine_id":"10","name":"Extra1","name_zh":null,"price":"1","status":"A","created":"2016-07-01 11:21:31"},{"id":"17","cousine_id":"10","name":"Extra2","name_zh":null,"price":"2","status":"A","created":"2016-07-01 11:21:42"},{"id":"18","cousine_id":"10","name":"Extra 5","name_zh":"\\u996d","price":"1","status":"A","created":"2016-07-01 11:21:56"},{"id":"19","cousine_id":"10","name":"Extra 4","name_zh":null,"price":"0","status":"A","created":"2016-07-01 11:22:11"}]', NULL, 'Y', '2016-09-23 02:50:40'),
	(587, 94, 37, 'D17', 'èœ17', 5, 8, 1, 12, 0.96, NULL, '', NULL, 'N', '2016-10-06 09:03:32'),
	(588, 94, 38, '18', 'èœ18', 7, 5, 1, 12, 0.6, NULL, '', NULL, 'N', '2016-10-06 09:03:34'),
	(589, 95, 38, '18', 'èœ18', 7, 5, 1, 13, 0.65, NULL, '', NULL, 'N', '2016-10-06 09:10:47'),
	(590, 96, 38, '18', 'èœ18', 7, 5, 1, 13, 0.65, NULL, '', NULL, 'N', '2016-10-06 09:37:45'),
	(591, 96, 25, 'D6', 'èœ6', 9, 5, 1, 13, 0.65, NULL, '', NULL, 'Y', '2016-10-06 09:37:46'),
	(592, 96, 21, 'dish2', 'èœ2', 9, 9.8, 1, 13, 0, NULL, '', NULL, 'Y', '2016-10-06 09:37:49');
/*!40000 ALTER TABLE `order_items` ENABLE KEYS */;

CREATE TABLE IF NOT EXISTS `pages` (
  `id` int(11) unsigned NOT NULL AUTO_INCREMENT,
  `name` varchar(105) COLLATE utf8_unicode_ci NOT NULL,
  `body` longtext COLLATE utf8_unicode_ci NOT NULL,
  `slug` varchar(105) COLLATE utf8_unicode_ci NOT NULL,
  `status` enum('A','I') COLLATE utf8_unicode_ci NOT NULL DEFAULT 'A' COMMENT 'A=Active, I=Inactive',
  `created` datetime NOT NULL,
  `modified` datetime NOT NULL,
  PRIMARY KEY (`id`)
) ENGINE=InnoDB AUTO_INCREMENT=3 DEFAULT CHARSET=utf8 COLLATE=utf8_unicode_ci;

/*!40000 ALTER TABLE `pages` DISABLE KEYS */;
INSERT INTO `pages` (`id`, `name`, `body`, `slug`, `status`, `created`, `modified`) VALUES
	(1, 'About Us', '<span style="color:#800080"><span style="font-size:24px"><u><strong>uterm</strong></u></span></span><br />\r\n<br />\r\nThis page is all about uterm.<br />\r\nUterm is the mobile application for customer and vendor.<br />\r\n<br />\r\nOnline order for wine made by customer to nearest wine dealer.<br />\r\n<br />\r\n<strong>User finds the nearest dealer using application.</strong><br />\r\n<br />\r\n<br />\r\nand many more....<br />\r\n<br />\r\n&nbsp;', 'about-us', 'A', '2016-04-30 10:18:25', '2016-04-30 10:27:45'),
	(2, 'Support', '<span style="color:#FF0000"><span style="font-size:16px">This section is under construction !</span></span>', 'support', 'I', '2016-04-30 10:36:46', '2016-04-30 10:36:46');
/*!40000 ALTER TABLE `pages` ENABLE KEYS */;

/*!40101 SET SQL_MODE=IFNULL(@OLD_SQL_MODE, '') */;
/*!40014 SET FOREIGN_KEY_CHECKS=IF(@OLD_FOREIGN_KEY_CHECKS IS NULL, 1, @OLD_FOREIGN_KEY_CHECKS) */;
/*!40101 SET CHARACTER_SET_CLIENT=@OLD_CHARACTER_SET_CLIENT */;
